id,name,image_file,source_image_url
nonfood-0001,Термопапір 57/17 ПСРШ (10 шт/сп),nonfood-0001.jpg,https://images.prom.ua/3951521957_w640_h640_10x-kassovaya-chekovaya.jpg
nonfood-0002,Термопапір 57/40 ПСРШ (5 шт/сп),nonfood-0002.jpg,https://gw.alicdn.com/imgextra/TB1284lG.Y1gK0jSZFMSuuWcVXa.jpg
nonfood-0003,Термопапір 80/60 ПСРШ (5 шт/сп),nonfood-0003.jpg,https://gw.alicdn.com/imgextra/O1CN01z8Q9Nf1OPjGXvs9Rd_!!6000000001698-0-yinhe.jpg_540x540q90.jpg
nonfood-0004,Термонаклейка 58/40,,NO_PHOTO_RUSSIAN_TEXT_EXCLUDED
nonfood-0005,АП Стакан ПИВНИЙ 500 мл(50 шт/пак)ПЕТ,nonfood-0005.jpg,https://images.prom.ua/3446054462_w640_h640_stakan-plastikovyj-odnorazovyj.jpg
nonfood-0006,"АП Стакан коктельний, 240 мл(50 шт/пак)ПЕТ",nonfood-0006.jpg,https://milkdiller.ua/image/catalog/1c/catalogimages/petlite240ml.png
nonfood-0007,"АП Стакан коктельний, 360 мл(50 шт/пак)ПЕТ",nonfood-0007.jpg,https://ecopicnic.com.ua/img/product/fe/fe062a5faa066a1ffd845d79641da632/stakan-kupolniy-360-ml-501000-pet-original-95-2.jpg
nonfood-0008,"АП Стакан коктельний, 420 мл(50 шт/пак)ПЕТ",nonfood-0008.jpg,https://simi.kiev.ua/image/cache/catalog/Gala/KupolnieStakani/400Turciya-500x500.png
nonfood-0009,"АП Стакан коктельний, 480 мл(50 шт/пак)ПЕТ",nonfood-0009.jpg,https://promastermarket.com/media/catalog/product/cache/6517c62f5899ad6aa0ba23ceb3eeff97/4/1/41931.jpg
nonfood-0010,АП Куп кришка для стакана б/зотв.(50 шт/пак) коктельна,nonfood-0010.jpg,https://images.prom.ua/2072133937_w640_h640_krishka-dlya-stakana.jpg
nonfood-0011,АП Куп кришка для стаканаз отв.(50 шт/пак) коктельна,nonfood-0011.jpg,https://imperia-horeca.com.ua/content/images/9/1080x1080l80mc0/kryshka-chorna-dlia-odnosharovoho-stakanu-340-ml-79-mm-50-sht-up-98790844817479.jpg
nonfood-0012,АП Пл кришка для стакана з отв.(50 шт/пак) коктельна,nonfood-0012.jpg,https://romus.ua/image/cache/catalog/products/4163-500x500.jpg
nonfood-0013,Pro Стакан паперовий двошаровий 185 мл КРАФТ(25 шт/пак),nonfood-0013.jpg,https://imperia-horeca.com.ua/content/images/2/1800x1800l80mc0/stakan-paperovyi-dvosharovyi-kraft-185-ml-d72-mm-13644047916105.png
nonfood-0014,"PRO Кришка біла для папер. Cтакана 185 мл, чорна, 50 шт/уп",nonfood-0014.jpg,https://akvarel.com/storage/products/2025_12_10/products_other_533311_1_1765354101.568.webp
nonfood-0015,Pro Стакан паперовий двошаровий 270 мл КРАФТ(25 шт/пак),nonfood-0015.jpg,https://images.prom.ua/6337369045_w640_h640_stakan-paperovij-bilij.jpg
nonfood-0016,"PRO Кришка біла для папер. cтакана 270 мл, чорна, 50 шт/уп",nonfood-0016.jpg,https://taverna-horeca.com/sites/default/files/styles/product_teaser_x2/public/product_images/f4035cd9a5e32e55885ca530a6ddc375.png.webp?itok=UPkUuJK_
nonfood-0017,Pro Стакан паперовий двошаровий 340 мл КРАФТ(25 шт/пак),nonfood-0017.jpg,https://imperia-horeca.com.ua/content/images/3/1800x1800l80mc0/stakan-paperovyi-dvosharovyi-kraft-340-ml-d80-mm-82941252842651.png
nonfood-0018,"PRO Кришка біла для папер. cтакана 340 мл, чорна, 50 шт/уп",nonfood-0018.jpg,https://imperia-horeca.com.ua/content/images/9/1080x1080l80mc0/kryshka-chorna-dlia-odnosharovoho-stakanu-340-ml-79-mm-50-sht-up-98790844817479.jpg
nonfood-0019,Pro Стакан паперовий двошаровий 400 мл КРАФТ(25 шт/пак),nonfood-0019.jpg,https://ecoposud.com.ua/wp-content/uploads/2025/03/craft-400-1.jpg
nonfood-0020,"PRO Кришка біла для папер. cтакана 400 мл, чорна, 50 шт/уп",nonfood-0020.jpg,https://akvarel.com/storage/products/2025_12_10/products_other_533311_1_1765354101.568.webp
nonfood-0021,"PRO Кришка для папер. cтакана 175 мл, чорна, 50 шт/уп",nonfood-0021.jpg,https://akvarel.com/storage/products/2025_12_10/products_other_533311_1_1765354101.568.webp
nonfood-0022,"PRO Стакан паперовий 110 мл, білий, 50 шт/уп 1 шар",nonfood-0022.jpg,https://stakanopt.com.ua/files/resized/products/216.600x600.jpg
nonfood-0023,"PRO Стакан паперовий 250 мл, білий, 50 шт/уп 1 шар",nonfood-0023.jpg,https://office-better.com/content/images/38/600x800l80mc0/productstakan_paperovij_bd196lij_250ml-83613120571314.jpg
nonfood-0024,"PRO Стакан паперовий 340 мл, білий, 50 шт/уп 1 шар",nonfood-0024.jpg,https://content1.rozetka.com.ua/goods/images/big/444575952.png
nonfood-0025,АП Стакан двошаровий 110 мл КРАФТ (25 шт/пак),nonfood-0025.jpg,https://papirstok.com/image/cache/catalog/stakan/Dvuhsloynye/11201_1-700x700.jpg
nonfood-0026,АП Стакан двошаровий 180 мл КРАФТ (25 шт/пак),nonfood-0026.jpg,https://alfa-pack.com.ua/files/products/180ml-belyj-kraft.1280x720w.jpg
nonfood-0027,АП Стакан двошаровий 270 мл КРАФТ (25 шт/пак),nonfood-0027.jpg,https://images.prom.ua/6337369045_w640_h640_stakan-paperovij-bilij.jpg
nonfood-0028,АП Стакан двошаровий 340 мл КРАФТ (25 шт/пак),nonfood-0028.jpg,https://imperia-horeca.com.ua/content/images/3/1800x1800l80mc0/stakan-paperovyi-dvosharovyi-kraft-340-ml-d80-mm-82941252842651.png
nonfood-0029,АП Стакан одношаровий 180 мл (100 шт/пак),nonfood-0029.jpg,https://petrovka-horeca.com.ua/images/detailed/26/stakany-bambukovyye-180.png
nonfood-0030,ЛФ Стакан гофрований білий 110 мл (30 шт/пак),nonfood-0030.jpg,https://cdn.27.ua/sc--media--prod/default/a8/85/99/a8859979-65f3-4e32-beef-710c0f3ae501.jpeg
nonfood-0031,ЛФ Стакан гофрований білий 250 мл (30 шт/пак),nonfood-0031.jpg,https://images.prom.ua/2096629722_w700_h500_stakan-bumazhnyj-gofrirovannyj.jpg
nonfood-0032,ЛФ Стакан гофрований білий 350 мл (30 шт/пак),nonfood-0032.jpg,https://romus.ua/image/cache/catalog/products/99519-500x500.jpg
nonfood-0033,ЛФ КРИШКА пластикова біла d 90 (100 шт/пак),nonfood-0033.jpg,https://stakanopt.com.ua/files/resized/products/5183.1800x1800w.jpg
nonfood-0034,ЛФ КРИШКА пластикова чорна d 90 (50 шт/пак),nonfood-0034.jpg,https://office-better.com/content/images/22/600x800l80mc0/kryshka-plastykova-chorna-fib-90-50-sht-upakovka-78512488847717.jpg
nonfood-0035,ЛФ Стакан двошаровий білий 110 мл (30 шт/пак),nonfood-0035.jpg,https://images.prom.ua/4395485621_w640_h640_stakan-bumazhnyj-110.jpg
nonfood-0036,ЛФ Стакан двошаровий білий 250 мл (30 шт/пак),nonfood-0036.jpg,https://romus.ua/image/cache/catalog/products/stakan-dvost_nnj-30-sht-250-ml-kraft-b_lij-225863-500x500.jpg
nonfood-0037,ЛФ Стакан двошаровий білий 350 мл (30 шт/пак),nonfood-0037.jpg,https://cdn.27.ua/original/6b/c3/7629763_5.jpeg
nonfood-0038,ЛФ Стакан ЄВРО двошаровий білий 350 мл (25 шт/пак),nonfood-0038.jpg,https://romus.ua/image/cache/catalog/products/R35025772_1-500x500.jpg
nonfood-0039,ЛФ Стакан одношаровий білий 175 мл d 70 (50 шт/пак),nonfood-0039.jpg,https://images.prom.ua/5407897654_w640_h640_belyj-bumazhnyj-odnoslojnyj.jpg
nonfood-0040,ЛФ Стакан одношаровий білий 270 мл d 79 (50 шт/пак),nonfood-0040.jpg,https://images.prom.ua/7253338165_w640_h640_stakan-bumazhnyj-odnoslojnyj.jpg
nonfood-0041,ЛФ Стакан одношаровий білий 340 мл d 79 (50 шт/пак),nonfood-0041.jpg,https://images.prom.ua/7253338165_w640_h640_stakan-bumazhnyj-odnoslojnyj.jpg
nonfood-0042,АП Тарілка з картону 14 × 20(100 шт),nonfood-0042.jpg,https://images.prom.ua/2034292873_w640_h640_tarilka-paperova-1420.jpg
nonfood-0043,АП Тарілка з картону 14 × 25(100 шт),nonfood-0043.jpg,https://alfa-pack.org/upload/resize_cache/iblock/bee/57exvnin1gunlnqrbvsz9iph1064wyo1/450_450_140cd750bba9870f18aada2478b24840a/%D0%A2%D0%B0%D1%80%D1%96%D0%BB%D0%BA%D0%B0%20%D0%BF%D0%B0%D0%BF%D0%B5%D1%80%D0%BE%D0%B2%D0%B0%20250-100-45%20%D0%BC%D0%BC.JPG
nonfood-0044,SP Тарілка крафт зібрана 200 × 120 × 45 мм без ламінації (100 шт),nonfood-0044.jpg,https://stakanopt.com.ua/files/resized/products/3771.1800x1800w.jpg
nonfood-0045,SP Тарілка крафт зібрана 270 × 110 × 47 мм без ламінації (100 шт),nonfood-0045.jpg,https://stakanopt.com.ua/files/resized/products/3771.1800x1800w.jpg
nonfood-0046,SP Тарілка крафт Хот-Дог 200 × 40 × 40 мм без ламінації (50 шт),nonfood-0046.jpg,https://stakanopt.com.ua/files/resized/products/3771.600x600.jpg
nonfood-0047,SP Тарілка глибока ламінована d 155 h 55 біла (25 шт),nonfood-0047.jpg,https://petrovka-horeca.com.ua/images/detailed/30/tarelka-glubokaya-belaya-200mm-2.png
nonfood-0048,SP Тарілка глибока ламінована d 200 h 35 біла (25 шт),nonfood-0048.jpg,https://petrovka-horeca.com.ua/images/detailed/30/tarelka-glubokaya-belaya-200mm-1.png
nonfood-0049,SP Тарілка паперова рифлена ламінована біла d 180 (50 шт),nonfood-0049.jpg,https://chila.ua/uploads/product_galleries/01/b7/w1336_g1fm4pc97_29743244.jpg
nonfood-0050,SP Тарілка паперова рифлена ламінована біла d 200 (50 шт),nonfood-0050.jpg,https://images.prom.ua/6086152547_w640_h640_tarelka-bumazhnaya-belaya.jpg
nonfood-0051,LF Тарілка мілка PP преміум чорна d 170 (100 шт),nonfood-0051.jpg,https://images.prom.ua/6831497050_tarilka-plastikova-gliboka.jpg
nonfood-0052,LF Тарілка мілка PP біла d 170 (100 шт),nonfood-0052.jpg,https://omixcdn.com/img/catalog/tarelka-a-rr-plotnaya-d20-5sm-belaya-100sht-0111105.jpg
nonfood-0053,LF Тарілка мілка PP чорна d 180 (100 шт),nonfood-0053.jpg,https://optservice.com.ua/image/cache/catalog/product/aaaf8f85-6fc5-11f1-a671-a8a1590ea5ba-680x630.jpg
nonfood-0054,LF Тарілка мілка PP чорна d 210 (100 шт),nonfood-0054.jpg,https://optservice.com.ua/image/cache/catalog/product/aaaf8f85-6fc5-11f1-a671-a8a1590ea5ba-680x630.jpg
nonfood-0055,LF Тарілка PP біла 360 мл d 155 (100 шт),nonfood-0055.jpg,https://content1.rozetka.com.ua/goods/images/big/603769558.jpg
nonfood-0056,LF Тарілка PP біла 500 мл d 155 (100 шт),nonfood-0056.jpg,https://stakanopt.com.ua/files/resized/products/7244.1800x1800w.jpg
nonfood-0057,АП Підложка біла 178 × 133 × 20 300 шт,nonfood-0057.jpg,https://myhoreca.com.ua/im/catalog/1/183682f6bd-1_resize_1200x1200.PNG
nonfood-0058,АП Контейнер карт/крафт 113 × 90 × 64(50 шт/пак),nonfood-0058.jpg,https://images.prom.ua/7058737733_w640_h640_lanch-boks-1-kraft.jpg
nonfood-0059,"КП Контейнер краф.2 з кришкою 1200 мл, 50 шт",nonfood-0059.jpg,https://petrovka-horeca.com.ua/images/detailed/31/konteyner-kraftovyy-na-2-sektsii-1.png
nonfood-0060,АП Пакет фас. без ручок 10 / 4 / 27,nonfood-0060.jpg,https://images.prom.ua/6451946171_w640_h640_bumazhnyj-paket-bez.jpg
nonfood-0061,АП Пакет ЕКО фас. без ручок 18 / 4 / 35 (550 шт),nonfood-0061.jpg,https://optovikplus.com.ua/image/cache/catalog/data/paket/paket-fosovka-eco-600x500-product_thumb.jpg
nonfood-0062,"АП Пакети ""Майка Вишиванка"" 30/50 (100 шт)",nonfood-0062.jpg,https://stakanopt.com.ua/files/resized/products/198.1800x1800w.jpg
nonfood-0063,АП Пакет Майка БМВ 36 × 55(50 шт),nonfood-0063.jpg,https://content2.rozetka.com.ua/goods/images/big/652906205.jpg
nonfood-0064,"АП Пакети для фасовки""майка""22 х 43 (200 рул)",nonfood-0064.jpg,https://images.prom.ua/5650382860_w640_h640_paketi-dlya-fasovki.jpg
nonfood-0065,АП Пакет крафт з ручками 320 × 150 × 380(50 шт),nonfood-0065.jpg,https://images.prom.ua/7098729974_kraft-paket-z.jpg
nonfood-0066,ЯО Пакет паперовий багет 500 / 100 / 40 (1000 шт),nonfood-0066.jpg,https://images.prom.ua/3411394338_w700_h500_1000sht-paket-kraft.jpg
nonfood-0067,ЯО Пакет паперовий 380 / 220 / 60 (1000 шт),nonfood-0067.jpg,https://images.prom.ua/3821861081_w640_h640_paperovi-pakuvalni-paketi.jpg
nonfood-0068,ЯО Пакет паперовий 70 / 0 / 225 (2000 шт),nonfood-0068.jpg,https://images.prom.ua/4799426268_w640_h640_paket-bumazhnyj-190720.jpg
nonfood-0069,АП Термо Пакет з фольги 260 × 350 (100 шт),nonfood-0069.jpg,https://ae01.alicdn.com/kf/HLB1dGCLaIrrK1Rjy1zeq6xalFXaU.jpg
nonfood-0070,АП Термо Пакет з фольги 420 × 350 (100 шт),nonfood-0070.jpg,https://ae01.alicdn.com/kf/HLB1dGCLaIrrK1Rjy1zeq6xalFXaU.jpg
nonfood-0071,ГЕТ Вакуумний Пакет 10 × 15 (500 шт),nonfood-0071.jpg,https://content1.rozetka.com.ua/goods/images/big/458910183.jpg
nonfood-0072,ГЕТ Вакуумний Пакет 15 × 20 (500 шт),nonfood-0072.jpg,https://content.rozetka.com.ua/goods/images/big/387015085.jpg
nonfood-0073,"PRO Вакуумний пакет 15 × 20 60 мкм, 500 шт/уп (1 уп/ящ)",nonfood-0073.jpg,https://content.rozetka.com.ua/goods/images/big/451224167.jpg
nonfood-0074,"PRO Вакуумний пакет 30 × 40 60 мкм, 500 шт/уп (1 уп/ящ)",nonfood-0074.jpg,https://content1.rozetka.com.ua/goods/images/big/451224159.jpg
nonfood-0075,"АП Упак/крафт ФРІ Midi буро-біла, 130 × 175(50 шт/пак)",nonfood-0075.jpg,https://content2.rozetka.com.ua/goods/images/big/647565952.jpg
nonfood-0076,"АП Упак/крафт ФРІ Mini буро-біла, 125 × 120(50 шт/пак)",nonfood-0076.jpg,https://liga-pak.com.ua/content/images/37/979x911l80nn100/88175297037708.png
nonfood-0077,SP ФРІ крафт 250 S 115 × 85 × 45 мм (50 шт),nonfood-0077.jpg,https://petrovka-horeca.com.ua/images/detailed/31/upakovka-dlya-snekov-kraft-450-1.png
nonfood-0078,SP ФРІ крафт 300 М 140 × 80 × 40 мм (50 шт),nonfood-0078.jpg,https://images.prom.ua/2449208245_w700_h500_kraft-bumaga-v-listah.jpg
nonfood-0079,SP ФРІ крафт 500 L 165 × 100 × 40 мм (50 шт),nonfood-0079.jpg,https://sydorpack.com.ua/content/images/22/600x600l80mc0/kraft-papir-bilyi-40-hrm.m.kv-kh-500-mm-kh-100-metriv-62272958955710.png
nonfood-0080,АП Контейнер 500 мл Ч ПП-118(50 шт/уп),nonfood-0080.jpg,https://images.prom.ua/2525678533_w640_h640_supnitsya-odnorazova-z.jpg
nonfood-0081,АП Контейнер 750 мл Ч ПП-118(50 шт/уп),nonfood-0081.jpg,https://profpack.com.ua/storage/12584/conversions/673f75f847a0d622be7803ac77c2b982-big.jpg
nonfood-0082,АП Кришка до контейнера ПП-118(50 шт/уп),nonfood-0082.jpg,https://images.prom.ua/4321944982_w640_h640_18-krishka-do.jpg
nonfood-0083,АП Коробка для піци крафт 300 × 300 × 35 (100 шт/пак),nonfood-0083.jpg,https://images.prom.ua/2754399745_w640_h640_korobka-dlya-pitsi.jpg
nonfood-0084,АП Коробка для піци крафт 320 × 320 × 35 (100 шт/пак),nonfood-0084.jpg,https://simi.kiev.ua/image/cache/catalog/Pizza/PizzaBox1-500x500.png
nonfood-0085,АП Коробка для піци крафт 350 × 350 × 35 (100 шт/пак),nonfood-0085.jpg,https://images.prom.ua/2754390155_w640_h640_korobka-dlya-pitsi.jpg
nonfood-0086,АП Коробка для піци крафт 500 × 500 × 40 (50 шт/пак),nonfood-0086.jpg,https://cdn.27.ua/sc--media--prod/default/b4/c2/c0/b4c2c0f2-c00f-47a7-b7c8-5d52e6b63765.jpg
nonfood-0087,SP Бупгер крафт Коробка збірна 125 × 125 × 90 без ламінації (50 шт),nonfood-0087.jpg,https://stakanopt.com.ua/files/resized/products/3770.1800x1800w.jpg
nonfood-0088,SP Бупгер крафт Коробка збірна 150 × 150 × 115 ламінована (50 шт),nonfood-0088.jpg,https://artilpak.com/image/cache/catalog/productphoto/851/catalog-productphoto-tmp-photo-5282960012496016111-w-jpg-4-576x576.jpg
nonfood-0089,Підкладка Т 3 33(С 79)чорний 222 × 133 × 33 200 шт,nonfood-0089.jpg,https://images.prom.ua/2542935104_w640_h640_lotki-z-spinenogo.jpg
nonfood-0090,Підкладка Т 4 20(С 70)чорний 178 × 133 × 20 300 шт,nonfood-0090.jpg,https://images.prom.ua/2542727315_w640_h640_lotki-z-spinenogo.jpg
nonfood-0091,LF Соусник PP з відкидною кришкою 45 мл(50 шт/уп),nonfood-0091.jpg,https://images.prom.ua/4070874768_w640_h640_sousnik-prozrachnyj-s.jpg
nonfood-0092,АП Соусниця чорна 50 мл(105 шт/пак),nonfood-0092.jpg,https://petrovka-horeca.com.ua/images/detailed/30/sousnica-chernaya-50ml-1_dqvr-ap.jpg
nonfood-0093,АП Соусниця прозова з кришкою 30 мл(100 шт/пак),nonfood-0093.jpg,https://content1.rozetka.com.ua/goods/images/big/620450704.jpg
nonfood-0094,АП Пластмасовий виріб Соусниця 50 мл(50 шт/пак),nonfood-0094.jpg,https://petrovka-horeca.com.ua/images/detailed/30/sousnica-chernaya-50ml-1_dqvr-ap.jpg
nonfood-0095,АП Соусниця з відкидною кришкою 80 мл(50 шт/пак),nonfood-0095.jpg,https://aquamarket.ua/24683-large_default/banka-sousnik-80-sht-po-50-ml-z-krishkoyu-alfa-pak.jpg
nonfood-0096,АП Кришка до соусниці 110 мл(100 шт/пак)ПС-40 К,nonfood-0096.jpg,https://petrovka-horeca.com.ua/images/detailed/30/sousnitsa-chernaya-80-3.jpg
nonfood-0097,АП Соусниця прозова 110 мл(100 шт/пак)ПС-40 Д,nonfood-0097.jpg,https://images.prom.ua/6261416126_w400_h400_sousnik-odnorazovyj-plastikovyj.jpg
nonfood-0098,КП Кришка до салатника РР d 150 (500/750/1000 мл) (50 шт/пак),nonfood-0098.jpg,https://liga-pak.com.ua/content/images/14/1007x809l80nn100/14820596173584.png
nonfood-0099,КП Кришка до салатника РР d 185 (1100/1300 мл) (50 шт/пак),nonfood-0099.jpg,https://petrovka-horeca.com.ua/images/detailed/31/kryshka-dlya-salatnicy-150mm-1_ykfb-ip.png
nonfood-0100,SP Кришка до Салатник PP d 116 (50 шт/пак),nonfood-0100.jpg,https://images.prom.ua/7009754994_w640_h640_kryshka-ploskaya-pp.jpg
nonfood-0101,SP Кришка до Салатник PET d 116 (50 шт/пак),nonfood-0101.jpg,https://content2.rozetka.com.ua/goods/images/big/658381753.jpg
nonfood-0102,SP Салатник круглий 1000 мл КРАФТ d 150(50 шт/пак),nonfood-0102.jpg,https://images.prom.ua/6878256438_salatnik-kraft-1000.jpg
nonfood-0103,SP Салатник круглий 1300 мл КРАФТ d 185(50 шт/пак),nonfood-0103.jpg,https://liga-pak.com.ua/content/images/37/1004x809l80nn100/95755856469384.png
nonfood-0104,SP Салатник круглий 550 мл КРАФТ d 150(50 шт/пак),nonfood-0104.jpg,https://images.prom.ua/5868670021_w700_h500_salatnik-kraft-550ml.jpg
nonfood-0105,SP Салатник круглий 750 мл КРАФТ d 150(50 шт/пак),nonfood-0105.jpg,https://profpack.com.ua/storage/13706/conversions/8208f03fc0e2f836554731c87da9358a-big.jpg
nonfood-0106,SP Салатник круглий 350 мл КРАФТ d 116(50 шт/пак),nonfood-0106.jpg,https://images.prom.ua/6337374204_w700_h500_salatnik-bumazhnyj-kruglyj.jpg
nonfood-0107,SP Салатник круглий 450 мл КРАФТ d 116(50 шт/пак),nonfood-0107.jpg,https://images.prom.ua/5868670021_w700_h500_salatnik-kraft-550ml.jpg
nonfood-0108,SP Салатник Овальний 500 мл КРАФТ(50 шт/пак),nonfood-0108.jpg,https://profpack.com.ua/storage/11332/conversions/c9ab6c3237a9b8129bdca9d6d35e8762-big.jpg
nonfood-0109,SP Салатник Овальний 750 мл КРАФТ(50 шт/пак),nonfood-0109.jpg,https://restoplus.com.ua/content/images/35/786x655l80mc0/58908075202685.png
nonfood-0110,SP Салатник Овальний 900 мл КРАФТ(50 шт/пак),nonfood-0110.jpg,https://upak.group/upload/iblock/e20/f8k0a7bnofzv54qpkkih2pf029wvra8o.jpg
nonfood-0111,SP Салатник Овальний 1000 мл КРАФТ(50 шт/пак),nonfood-0111.jpg,https://images.prom.ua/6878256438_salatnik-kraft-1000.jpg
nonfood-0112,SP Кришка до Салатник Овальний 500/750/1000 мл (50 шт/пак),nonfood-0112.jpg,https://petrovka-horeca.com.ua/images/detailed/30/salatnik-kraft-1000ml-2.png
nonfood-0113,SP Кришка до Салатник Овальний 900 мл (50 шт/пак),nonfood-0113.jpg,https://petrovka-horeca.com.ua/images/detailed/31/s-kryshka-dlya-supnika-kraft-belyy-d-116mm-750-900ml-3.png
nonfood-0114,АП Салатник прямокутний 500 мл КРАФТ(50 шт/пак),nonfood-0114.jpg,https://profpack.com.ua/storage/11332/conversions/c9ab6c3237a9b8129bdca9d6d35e8762-big.jpg
nonfood-0115,АП Салатник прямокутний 750 мл КРАФТ(50 шт/пак),nonfood-0115.jpg,https://hozka.ua/tmp/cache/images/83/e6a/16491-1-1000x1000-r.png
nonfood-0116,АП Салатник прямокутний 1000 мл КРАФТ(50 шт/пак),nonfood-0116.jpg,https://images.prom.ua/6552212810_w640_h640_6552212810.jpg
nonfood-0117,АП кришка до салатник прямокутний 500/750/1000 мл пет(50 шт/пак),nonfood-0117.jpg,https://hozka.ua/tmp/cache/images/83/e6a/16491-1-1000x1000-r.png
nonfood-0118,АП Салатник круглий 550 мл КРАФТ d 154(50 шт/пак),nonfood-0118.jpg,https://petrovka-horeca.com.ua/images/detailed/31/salatnik-kraft-500ml-100.png
nonfood-0119,АП Салатник круглий 1000 мл КРАФТ d 154(50 шт/пак),nonfood-0119.jpg,https://images.prom.ua/6878256438_salatnik-kraft-1000.jpg
nonfood-0120,АП Кришка салатника круглого 1000 мл d 154(50 шт/пак),nonfood-0120.jpg,https://petrovka-horeca.com.ua/images/detailed/30/salatnik-kraft-1000ml-2.png
nonfood-0121,LF Трубочка алкогольна міксd 3-125 мм(500 шт/уп),nonfood-0121.jpg,https://images.prom.ua/5903958984_w700_h500_trubochka-dlya-martini.jpg
nonfood-0122,LF Трубочка гофра в інд.уп.міксd 4.8-210 мм(100 шт/уп),nonfood-0122.jpg,https://images.prom.ua/6771321563_w640_h640_trubochka-dlya-koktejlej.jpg
nonfood-0123,LF Трубочка гофра в інд.уп.чорнаd 4.8-210 мм(100 шт/уп),nonfood-0123.jpg,https://images.prom.ua/6771321563_w640_h640_trubochka-dlya-koktejlej.jpg
nonfood-0124,LF Трубочка гофра чорнаd 4.8-210 мм(200 шт/уп),nonfood-0124.jpg,https://images.prom.ua/6771321563_w640_h640_trubochka-dlya-koktejlej.jpg
nonfood-0125,LF Трубочка паперова біла в інд.уп.d 8-195 мм(100 шт/уп),nonfood-0125.jpg,https://images.prom.ua/6523621715_w700_h500_trubochka-bumazhnaya-v.jpg
nonfood-0126,LF Трубочка паперова кольорова/інд.уп.d 6-195 мм(100 шт/уп),nonfood-0126.jpg,https://images.prom.ua/6523621715_w700_h500_trubochka-bumazhnaya-v.jpg
nonfood-0127,LF Трубочка паперова крафт/інд.уп.d 8-195 мм(100 шт/уп),nonfood-0127.jpg,https://images.prom.ua/6523621715_w700_h500_trubochka-bumazhnaya-v.jpg
nonfood-0128,LF Трубочка паперова чорна/інд.уп.d 8-195 мм(100 шт/уп),nonfood-0128.jpg,https://images.prom.ua/6523621715_w700_h500_trubochka-bumazhnaya-v.jpg
nonfood-0129,LF Трубочка смузі міксd 9-210 мм(100 шт/уп),nonfood-0129.jpg,https://images.prom.ua/6771321563_w640_h640_trubochka-dlya-koktejlej.jpg
nonfood-0130,LF Трубочка фреш в інд.уп.прозораd 7-210 мм(200 шт/уп),nonfood-0130.jpg,https://imperia-horeca.com.ua/content/images/27/1080x1080l80mc0/trubochka-chorna-fresh-v-ind.paperovii-upakovtsi-21-sm-d68-mm-200-sht-up-39825197982306.jpg
nonfood-0131,LF Трубочка фреш в інд.уп.чорнаd 7-210 мм(200 шт/уп),nonfood-0131.jpg,https://imperia-horeca.com.ua/content/images/27/1080x1080l80mc0/trubochka-chorna-fresh-v-ind.paperovii-upakovtsi-21-sm-d68-mm-200-sht-up-39825197982306.jpg
nonfood-0132,"LF Трубочка Bubble Tea в інд.упак. Чорна, коса 210 мм (100 шт/уп)",nonfood-0132.jpg,https://shop.ukr.coffee/content/images/2/737x600l80mc0/trubochka-babl-ti-10mm-chorna-kosa-21sm-250sht-up-93402448514096.png
nonfood-0133,"АП Трубочка 6, 8 мікс фреш 210 мм (500 шт/уп)",nonfood-0133.jpg,https://wellpacks.ua/files/product/2/2/8/8/2288_s.jpg
nonfood-0134,LF Трубочка фреш чорнаd 7-210 мм(500 шт/уп),nonfood-0134.jpg,https://stakanopt.com.ua/files/resized/products/7164.1800x1800w.png
nonfood-0135,Блістер 1330 мл 155 × 155 × 75 2222-Н ПЕТ,nonfood-0135.jpg,https://centrpack.com.ua/image/catalog/img-sync/BH-00001796.jpg
nonfood-0136,Блістер 1330 мл терм 155 × 155 × 75 2222-Н,nonfood-0136.jpg,https://centrpack.com.ua/image/catalog/img-sync/BH-00001796.jpg
nonfood-0137,Блістер 1740 мл 229 × 130 × 84 2237(8)ПЕТ,nonfood-0137.jpg,https://b2b.zahid-pro.com.ua/!wr/im_pictures/75/75372b.jpg
nonfood-0138,Блістер 1740 мл терм 229 × 130 × 84 2237(8),nonfood-0138.jpg,https://images.prom.ua/6383317039_w640_h640_6383317039.jpg
nonfood-0139,Блістер 470 мл 120 × 119 × 53 2209 ПЕТ,nonfood-0139.jpg,https://simi.kiev.ua/image/cache/catalog/Gala/Plastik/OPC/konteyner-ors-2209-1250-sht-120-119-53-500x500.jpg
nonfood-0140,Блістер 880 мл 132 × 131 × 75 2221(9)ПЕТ,nonfood-0140.jpg,https://imperia-horeca.com.ua/content/images/35/600x600l80mc0/konteiner-kharchovyi-blisternyi-850-ml-131kh131kh65-mm-49931025248914.jpg
nonfood-0141,Блістер 880 мл терм 132 × 131 × 75 2221(8),nonfood-0141.jpg,https://images.prom.ua/3898420650_kontejner-blister-harchovij.jpg
nonfood-0142,Блістер 3250 мл 220 × 223 × 85 2216 ПЕТ,nonfood-0142.jpg,https://simi.kiev.ua/image/cache/catalog/plastik/Blister/ORS3250-500x500.png
nonfood-0143,АП Супник 350 мл ПП-115 (50 шт) чорний,nonfood-0143.jpg,https://allpack.biz/content/images/4/643x644l95bc0/92202131228768.png
nonfood-0144,АП Супник 500 мл ПП-115 (50 шт) чорний,nonfood-0144.jpg,https://allpack.biz/content/images/6/461x390l95bc0/44782772712240.jpg
nonfood-0145,АП Кришка до супника ПП-115 (50 шт),nonfood-0145.jpg,https://petrovka-horeca.com.ua/images/detailed/30/kryshka-dlya-supnika-kraft-d-115mm-750-930ml.png
nonfood-0146,АП Супник 350 мл ПП-117 (60 шт) чорний міцний,nonfood-0146.jpg,https://allpack.biz/content/images/4/389x390l95bc0/92202131228768.png
nonfood-0147,АП Супник 500 мл ПП-117 (60 шт) чорний міцний,nonfood-0147.jpg,https://www.upackovka.kiev.ua/image/cache/catalog/Warm-up%20packaging/prms%20500%20(2)-500x400.jpg
nonfood-0148,АП Супник 750 мл ПП-117 (60 шт) чорний міцний,nonfood-0148.jpg,https://images.prom.ua/6927045107_w700_h500_supnik-bumazhnyj-kraft-chernyj.jpg
nonfood-0149,АП Кришка до супника ПП-117 (60 шт),nonfood-0149.jpg,https://images.prom.ua/6616530518_w200_h200_kryshka-k-sousniku.jpg
nonfood-0150,АП Супник Крафт 240 мл (25 шт),nonfood-0150.jpg,https://www.market-posudu.com.ua/wp-content/uploads/2023/09/1690988323.jpg
nonfood-0151,АП Супник Крафт 480 мл (25 шт),nonfood-0151.jpg,https://images.prom.ua/6927045107_w640_h640_supnik-bumazhnyj-kraft-chernyj.jpg
nonfood-0152,АП Кришка Супника 240 / 480 мл (50 шт),nonfood-0152.jpg,https://images.prom.ua/4196088626_w640_h640_kryshka-pp-dlya.jpg
nonfood-0153,SP Супник круглий / крафт 350 мл d 90 (50 шт/уп),nonfood-0153.jpg,https://petrovka-horeca.com.ua/images/detailed/31/supnik-kraft-belyy-d-97mm-375ml-1.jpg
nonfood-0154,SP Кришка до супника ПЕТ d 90 350 мл(50 шт/уп),nonfood-0154.jpg,https://petrovka-horeca.com.ua/images/detailed/31/s-kryshka-dlya-supnika-kraft-belyy-d-97mm-450ml-2.png
nonfood-0155,SP Кришка до супника ПП d 90 350 мл(50 шт/уп),nonfood-0155.jpg,https://petrovka-horeca.com.ua/images/detailed/30/18686_44p6-ur.jpg
nonfood-0156,SP Супник круглий / крафт 450 мл d 97 (50 шт/уп),nonfood-0156.jpg,https://petrovka-horeca.com.ua/images/thumbnails/530/530/detailed/31/s-supnik-kraft-d-97mm-450ml-1.png
nonfood-0157,SP Кришка до супника ПП d 97 450 мл (50 шт/уп),nonfood-0157.jpg,https://petrovka-horeca.com.ua/images/detailed/31/supnitsa-kraft-s-kryshkoy-450ml-2.png
nonfood-0158,SP Кришка до супника ПЕТ d 97 450 мл (50 шт/уп),nonfood-0158.jpg,https://petrovka-horeca.com.ua/images/detailed/31/supnitsa-kraft-s-kryshkoy-450ml-2.png
nonfood-0159,SP Супник круглий / крафт 750 мл d 116 (50 шт/уп),nonfood-0159.jpg,https://petrovka-horeca.com.ua/images/detailed/31/s-supnik-kraft-d-116mm-750ml-1.png
nonfood-0160,SP Супник круглий / крафт 900 мл d 116 (50 шт/уп),nonfood-0160.jpg,https://nextcup.com.ua/content/images/47/1378x1378l80nn40/supnyk-kruhlyi-kraft-750ml-d-116-50-18-900sp-90796710119548.png
nonfood-0161,SP Кришка до супника ПП d 116 750/900 мл (50 шт/уп),nonfood-0161.jpg,https://petrovka-horeca.com.ua/images/detailed/31/s-kryshka-dlya-supnika-kraft-belyy-d-116mm-750-900ml-3.png
nonfood-0162,SP Кришка до супника ПЕТ d 116 750/900 мл (50 шт/уп),nonfood-0162.jpg,https://petrovka-horeca.com.ua/images/detailed/31/s-kryshka-dlya-supnika-kraft-belyy-d-116mm-750-900ml-2.png
nonfood-0163,Контейнер 330 мл (чашкаб/зручки) 25 шт/уп Пінополістерол,nonfood-0163.jpg,https://petrovka-horeca.com.ua/images/thumbnails/530/530/detailed/30/supnica-s-kryshkoy-penopolistirol-330ml-3.jpg
nonfood-0164,Контейнер 450 мл (чашкаб/зручки) 25 шт/уп Пінополістерол,nonfood-0164.jpg,https://images.prom.ua/5631193419_w640_h640_5631193419.jpg
nonfood-0165,Контейнер 650 мл (чашкаб/зручки) 25 шт/уп Пінополістерол,nonfood-0165.jpg,https://images.silpo.ua/v2/products/744x744/webp/3981e46e-0332-4340-baa2-c128ac7eafeb.png
nonfood-0166,Кришка до контейнера (чашкаб/зручки) 330/450/650 мл (50 шт/уп),nonfood-0166.jpg,https://petrovka-horeca.com.ua/images/detailed/31/kryshka-dlya-supnika-penopolistirol-d-113mm-4.jpg
nonfood-0167,Ланч бокс НР-1 125 шт,nonfood-0167.jpg,https://content1.rozetka.com.ua/goods/images/big/634663541.jpg
nonfood-0168,Ланч бокс НР-10 гамбургер 250 шт 246 × 150 × 60,nonfood-0168.jpg,https://petrovka-horeca.com.ua/images/detailed/31/lanch-boks-chernyj-_%D0%9D%D0%A0-10-3.png
nonfood-0169,Ланч бокс НР-10 чорн.гамбургер 250 шт 246 × 150 × 60,nonfood-0169.jpg,https://petrovka-horeca.com.ua/images/detailed/31/lanch-boks-chernyj-_%D0%9D%D0%A0-10-3.png
nonfood-0170,Ланч бокс НР-1 чорний 125 шт,nonfood-0170.jpg,https://images.prom.ua/3934111777_lanch-boks-chornij.jpg
nonfood-0171,Ланч бокс НР-2 125 шт,nonfood-0171.jpg,https://images.prom.ua/951060511_w0_h430_lanch-boks-nr-2.jpg
nonfood-0172,Ланч бокс НР-2 чорний 125 шт,nonfood-0172.jpg,https://images.prom.ua/3934111777_lanch-boks-chornij.jpg
nonfood-0173,Ланч бокс НР-3 125 шт,nonfood-0173.jpg,https://content1.rozetka.com.ua/goods/images/big/634663541.jpg
nonfood-0174,Ланч бокс НР-3 чорний 125 шт,nonfood-0174.jpg,https://images.prom.ua/3934111777_lanch-boks-chornij.jpg
nonfood-0175,Ланч бокс НР-6 сендвіч 250 шт 152 × 150 × 60,nonfood-0175.jpg,https://images.prom.ua/2315446726_w700_h500_lanch-boks-iz.jpg
nonfood-0176,Ланч бокс НР-6 чорн.сендвіч 250 шт 152 × 150 × 60,nonfood-0176.jpg,https://images.prom.ua/2315446727_w640_h640_lanch-boks-iz.jpg
nonfood-0177,Ланч бокс НР-7 сендвіч 250 шт 130 × 143 × 60,nonfood-0177.jpg,https://images.prom.ua/2669499730_w700_h500_lanch-boks-odnorazovyj.jpg
nonfood-0178,Ланч бокс НР-7 чорн.сендвіч 250 шт 130 × 143 × 60,nonfood-0178.jpg,https://images.prom.ua/1515482974_w700_h500_lanch-boks-sendvich-chernyj.jpg
nonfood-0179,Ланч бокс НР-9 міні гамбургер 250 шт 150 × 190 × 60,nonfood-0179.jpg,https://b2b-service.com.ua/image/cache/catalog/odnorazovyi-posud/15058-420x600.jpg
nonfood-0180,Ланч бокс НР-9 чорн. Міні гамбургер 250 шт 150 × 190 × 60,nonfood-0180.jpg,https://b2b-service.com.ua/image/cache/catalog/odnorazovyi-posud/15058-420x600.jpg
nonfood-0181,Ланч бокс НР-9 чорн.мінігамбургер 250 шт 150 × 190 × 60,nonfood-0181.jpg,https://b2b-service.com.ua/image/cache/catalog/odnorazovyi-posud/15058-1000x1000.jpg
nonfood-0182,АП Ланч бокс з кришкою 3 Відділи РР (200 шт/ящ),nonfood-0182.jpg,https://images.prom.ua/2474733177_w700_h500_lanch-boks-odnorazovyj-belyj.jpg
nonfood-0183,LF Виделка преміум біла (50 шт/уп),nonfood-0183.jpg,https://khoz.com.ua/wp-content/uploads/123321-1.jpg
nonfood-0184,LF Виделка преміум прозора (50 шт/уп),nonfood-0184.jpg,https://images.prom.ua/1510876334_w640_h640_vilka-stolovaya-odnorazovaya.jpg
nonfood-0185,LF Виделка преміум чорна (50 шт/уп),nonfood-0185.jpg,https://teakava.ua/files/products/c3492125-9f58-11f0-9250-875c76dc912d.1800x1200.jpeg
nonfood-0186,LF Ложка преміум біла (50 шт/уп),nonfood-0186.jpg,https://ireland.apollo.olxcdn.com/v1/files/nvcp81rstipq2-UA/image;s=3024x4032
nonfood-0187,LF Ложка преміум чайна Eco Lux чорна(50 шт/уп),nonfood-0187.jpg,https://allpack.biz/content/images/29/960x1280l95bc0/nabir-stolovykh-pryboriv-v-indyvidualnii-upakovtsi-35-chorna-lozhka-premium-100-sht-up-022500066-68434637414689.png
nonfood-0188,LF Ложка преміум Eco Lux чорна 180 мм (50 шт/уп),nonfood-0188.jpg,https://smartecopack.com/files/resized/products/15_1.1800x1800w.png
nonfood-0189,LF Ложка преміум прозора (50 шт/уп),nonfood-0189.jpg,https://images.prom.ua/3482390985_w640_h640_lozhka-chajnaya-plastikovaya.jpg
nonfood-0190,LF Ложка преміум чорна (50 шт/уп),nonfood-0190.jpg,https://allpack.biz/content/images/29/960x1280l95bc0/nabir-stolovykh-pryboriv-v-indyvidualnii-upakovtsi-35-chorna-lozhka-premium-100-sht-up-022500066-68434637414689.png
nonfood-0191,LF Ніж преміум білий (50 шт/уп),nonfood-0191.jpg,https://mywatershop.com.ua/upload/iblock/76e/nij_kukur_krohm.png
nonfood-0192,LF Ніж преміум прозорий (50 шт/уп),nonfood-0192.jpg,https://office-better.com/content/images/34/350x350l80mc0/nizh-plastykovyi-prozoryi-18-sm-50-sht-13117793012552.jpg
nonfood-0193,LF Ніж преміум чорний (50 шт/уп),nonfood-0193.jpg,https://smartecopack.com/files/resized/products/15_2.1800x1800w.png
nonfood-0194,КП Ніж преміум прозорий (100 шт/уп),nonfood-0194.jpg,https://khoz.com.ua/wp-content/uploads/нож-1.jpg
nonfood-0195,АП Ніж преміум чорний (100 шт/уп),nonfood-0195.jpg,https://images.prom.ua/7212047099_w1280_h640_7212047099.jpg
nonfood-0196,АП Ніж білий (100 шт/уп),nonfood-0196.jpg,https://7office.ua/upload/catalog/3700/3672/a34b3a7f-b84f-11e9-8da8-00155d01bb06_b9b6678c-bcfe-11e9-8da9-00155d01bb06.webp
nonfood-0197,SP 24 L 430 мл Контейнер/алюм.фольги(100 шт/пак),nonfood-0197.jpg,https://image.maudau.com.ua/webp/size/xl/products/df/5e/c4/df5ec4ddadff0687d116fa5c7effbbd9.jpg
nonfood-0198,SP Кришка LA-CAR 24 L (100 шт/пак) картон,nonfood-0198.jpg,https://www.zineko.ua/wp-content/uploads/25711-1.jpg
nonfood-0199,SP 44 L 586 мл Контейнер/алюм.фольги(100 шт/пак),nonfood-0199.jpg,https://liga-pak.com.ua/content/images/28/1280x1107l80nn100/14563173354009.jpg
nonfood-0200,SP 84 L 850 мл Контейнер/алюм.фольги(100 шт/пак),nonfood-0200.jpg,https://profpack.com.ua/storage/12169/conversions/d15c30b7a55bb7b7902ef05ddfbceb62-big.jpg
nonfood-0201,SP Кришка LA-CAR 84 L (100 шт/пак) картон,nonfood-0201.jpg,https://images.prom.ua/6340231033_w640_h640_kryshka-dlya-kontejnera.jpg
nonfood-0202,SP Кришка LA-CAR R 84 L (100 шт/пак) пластик прозора,nonfood-0202.jpg,https://images.prom.ua/6340231033_w640_h640_kryshka-dlya-kontejnera.jpg
nonfood-0203,SP 62 L 900 мл Контейнер/алюм.фольги(100 шт/пак),nonfood-0203.jpg,https://liga-pak.com.ua/content/images/28/1280x1107l80nn100/14563173354009.jpg
nonfood-0204,SP Кришка LA-CAR 62 L (100 шт/пак) картон,nonfood-0204.jpg,https://www.zineko.ua/wp-content/uploads/25711-1.jpg
nonfood-0205,SP 64 L 960 мл Контейнер/алюм.фольги(100 шт/пак),nonfood-0205.jpg,https://simi.kiev.ua/image/cache/catalog/kontayner%20folga/new/AlCon_960-500x500.png
nonfood-0206,SP Кришка LA-CAR 64 L (100 шт/пак) картон,nonfood-0206.jpg,https://www.zineko.ua/wp-content/uploads/25711-1.jpg
nonfood-0207,SP 94 L 1990 мл Контейнер/алюм.фольги(100 шт/пак),nonfood-0207.jpg,https://liga-pak.com.ua/content/images/28/1280x1107l80nn100/14563173354009.jpg
nonfood-0208,SP Кришка LA-CAR 94 L (100 шт/пак) картон,nonfood-0208.jpg,https://www.zineko.ua/wp-content/uploads/25711-1.jpg
nonfood-0209,SP 88 L 2000 мл Контейнер/алюм.фольги(50 шт/пак),nonfood-0209.jpg,https://content.rozetka.com.ua/goods/images/big/653655517.jpg
nonfood-0210,SP Кришка LA-CAR 88 L (50 шт/пак) картон,nonfood-0210.jpg,https://images.prom.ua/2857395865_w640_h640_kryshka-kartonnaya-dlya.jpg
nonfood-0211,SP 86 L 2100 мл Контейнер/алюм.фольги(50 шт/пак),nonfood-0211.jpg,https://stakanopt.com.ua/files/resized/products/5889.1800x1800w.jpg
nonfood-0212,SP Кришка LA-CAR 86 L (50 шт/пак) картон,nonfood-0212.jpg,https://images.prom.ua/2857395865_w640_h640_kryshka-kartonnaya-dlya.jpg
nonfood-0213,SP 98 L 3000 мл Контейнер/алюм.фольги(50 шт/пак),nonfood-0213.jpg,https://images.prom.ua/4837408693_w700_h500_kontejner-alyuminievyj-pryamougolnyj.jpg
nonfood-0214,SP Кришка LA-CAR 98 L (50 шт/пак) картон,nonfood-0214.jpg,https://images.prom.ua/2857395865_w640_h640_kryshka-kartonnaya-dlya.jpg
nonfood-0215,SP 74 L 1300 мл Контейнер/алюм.фольги(100 шт/пак),nonfood-0215.jpg,https://petrovka-horeca.com.ua/images/detailed/32/konteyner-pryamougolnyy-r27l-1270ml.png
nonfood-0216,SP М 2 L 520/320 мл Контейнер/алюм.фольги(100 шт/пак) 2 секції,nonfood-0216.jpg,https://images.prom.ua/2841161744_w640_h640_kontejner-iz-folgi.jpg
nonfood-0217,SP Кришка LA-CAR М 2 L (50 шт/пак) картон,nonfood-0217.jpg,https://www.zineko.ua/wp-content/uploads/25711-1.jpg
nonfood-0218,SP Т 546 L 1440 мл Контейнер/алюм.фольги(100 шт/пак) круглий,nonfood-0218.jpg,https://liga-pak.com.ua/content/images/41/1130x850l80nn100/65443663050043.png
nonfood-0219,SP Кришка LA-CAR T 546 L (100 шт/пак) картон,nonfood-0219.jpg,https://images.prom.ua/2857395865_w640_h640_kryshka-kartonnaya-dlya.jpg
nonfood-0220,SP Т 62 L 1450 мл Контейнер/алюм.фольги(100 шт/пак) круглий,nonfood-0220.jpg,https://liga-pak.com.ua/content/images/41/1130x850l80nn100/65443663050043.png
nonfood-0221,SP Кришка T 62 L (100 шт/пак) h 30 пластик,nonfood-0221.jpg,https://promastermarket.com/media/catalog/product/cache/207e23213cf636ccdef205098cf3c8a3/0/8/08038.jpg
nonfood-0222,SP R 1-56 G 1550 мл Контейнер/алюм.фольги(40 шт/пак) гриль,nonfood-0222.jpg,https://images.prom.ua/2841161744_w640_h640_kontejner-iz-folgi.jpg
nonfood-0223,Контейнер з алюмінієвої фольги R 14 L,nonfood-0223.jpg,https://allpack.biz/content/images/31/530x530l95bc0/54766606148586.jpeg
nonfood-0224,Кришка картонна ламінована R 14 L,nonfood-0224.jpg,https://images.prom.ua/6095071923_w640_h640_krishka-kartonna-laminovana.jpg
nonfood-0225,Контейнер з алюмінієвої фольги R 31 L,nonfood-0225.jpg,https://content1.rozetka.com.ua/goods/images/big/292616600.jpg
nonfood-0226,Кришка картонна ламінована R 31 L,nonfood-0226.jpg,https://images.prom.ua/2844102704_w700_h500_kryshka-kartonnaya-laminirovannaya.jpg
nonfood-0227,Контейнер з алюмінієвої фольги R 331 L,nonfood-0227.jpg,https://petrovka-horeca.com.ua/images/detailed/28/konteyner-pryamougolnyy-3240ml.png
nonfood-0228,Кришка картонна ламінована R 331 L,nonfood-0228.jpg,https://images.prom.ua/6095071923_w640_h640_krishka-kartonna-laminovana.jpg
nonfood-0229,Контейнер з алюмінієвої фольги R 64 L,nonfood-0229.jpg,https://smartecopack.com/files/resized/products/36-najbilshij.800x800.png
nonfood-0230,Кришка картонна ламінована R 64 L,nonfood-0230.jpg,https://images.prom.ua/2844102704_w700_h500_kryshka-kartonnaya-laminirovannaya.jpg
nonfood-0231,Pro Контейнер з алюмінієвої фольги R 26 L (100 шт/пак),nonfood-0231.jpg,https://cdn.27.ua/sc--media--prod/default/90/ef/63/90ef6396-47ed-4c66-9619-027abf917181.png
nonfood-0232,Pro кришка картонна ламінована R 26 L (100 шт/пак),nonfood-0232.jpg,https://laverna.online/wp-content/uploads/2023/05/IMG_4201.png
nonfood-0233,"GT Рук огл ніт текс. без пудри р.L, Чорний(50 пар/уп)",nonfood-0233.jpg,https://images.prom.ua/4797683446_w700_h500_perchatki-nitrilovi-bez.jpg
nonfood-0234,"GT Рук огл ніт текс. без пудри р.S, Чорний(50 пар/уп)",nonfood-0234.jpg,https://images.prom.ua/4797683446_w700_h500_perchatki-nitrilovi-bez.jpg
nonfood-0235,"GT Рук огл ніт текс. без пудри р.XS, Кобальт(50 пар/уп)",nonfood-0235.jpg,https://content1.rozetka.com.ua/goods/images/big/653412468.jpg
nonfood-0236,"GT Рук огл ніт текс. без пудри р.XS, Рожевий(50 пар/уп)",nonfood-0236.jpg,https://stomshop.com.ua/wp-content/uploads/2024/05/rukavychky-nitrylovi-rozhevi-teksturovani-bez-pudry-100-sht.-mediok.jpg
nonfood-0237,"GT Рук огл ніт текс. без пудри р.М, Чорний(50 пар/уп)",nonfood-0237.jpg,https://images.prom.ua/4797683446_w700_h500_perchatki-nitrilovi-bez.jpg
nonfood-0238,HOFFEN Рук огл він н/т без пудри р.L(50 пар/уп),nonfood-0238.jpg,https://chila.ua/uploads/product_galleries/c3/97/w1336_ernkj6une_c933d9bf.jpg
nonfood-0239,HOFFEN Рук огл він н/т без пудри р.S(50 пар/уп),nonfood-0239.jpg,https://chila.ua/uploads/product_galleries/c3/97/w1336_ernkj6une_c933d9bf.jpg
nonfood-0240,HOFFEN Рук огл він н/т без пудри р.М(50 пар/уп),nonfood-0240.jpg,https://chila.ua/uploads/product_galleries/c3/97/w1336_ernkj6une_c933d9bf.jpg
nonfood-0241,HOFFEN Рук огл він н/т без пудри р.ХL(50 пар/уп),nonfood-0241.jpg,https://chila.ua/uploads/product_galleries/c3/97/w1336_ernkj6une_c933d9bf.jpg
nonfood-0242,"HOFFEN Рук огл лат текс. без пудри(HR 10)р.XL, Чорні(25 пар)",nonfood-0242.jpg,https://images.prom.ua/4797683446_w700_h500_perchatki-nitrilovi-bez.jpg
nonfood-0243,"HOFFEN Рук огл ніт текс. без пудри р.L, Фіолетові(50 пар/уп)",nonfood-0243.jpg,https://content.rozetka.com.ua/goods/images/big/653412578.jpg
nonfood-0244,"HOFFEN Рук огл ніт текс. без пудри р.L, Блакитні(50 пар/уп)",nonfood-0244.jpg,https://images.prom.ua/6992731342_w640_h640_perchatki-hoffen-smotrovye.jpg
nonfood-0245,"HOFFEN Рук огл ніт текс. без пудри р.L, Чорні(50 пар/уп)",nonfood-0245.jpg,https://images.prom.ua/4797683446_w700_h500_perchatki-nitrilovi-bez.jpg
nonfood-0246,"HOFFEN Рук огл ніт текс. без пудри р.М, Блакитні(50 пар/уп)",nonfood-0246.jpg,https://images.prom.ua/6992731342_w640_h640_perchatki-hoffen-smotrovye.jpg
nonfood-0247,"HOFFEN Рук огл ніт текс. без пудри р.M, Чорні(50 пар/уп)",nonfood-0247.jpg,https://images.prom.ua/4797683446_w700_h500_perchatki-nitrilovi-bez.jpg
nonfood-0248,"HOFFEN Рук огл ніт текс. без пудри р.S, Фіолетові(50 пар/уп)",nonfood-0248.jpg,https://content.rozetka.com.ua/goods/images/big/653412578.jpg
nonfood-0249,"HOFFEN Рук огл ніт текс. без пудри р.S, Блакитні(50 пар/уп)",nonfood-0249.jpg,https://images.prom.ua/6992731342_w640_h640_perchatki-hoffen-smotrovye.jpg
nonfood-0250,"HOFFEN Рук огл ніт текс. без пудри р.S, Чорні(50 пар/уп)",nonfood-0250.jpg,https://images.prom.ua/4797683446_w700_h500_perchatki-nitrilovi-bez.jpg
nonfood-0251,"HOFFEN Рук огл ніт текс. без пудри р.XL, Блакитні(50 пар/уп)",nonfood-0251.jpg,https://images.prom.ua/4797683446_w640_h640_perchatki-nitrilovi-bez.jpg
nonfood-0252,"HOFFEN Рук огл ніт текс. без пудри р.XL, Чорні(50 пар/уп)",nonfood-0252.jpg,https://images.prom.ua/4797683446_w700_h500_perchatki-nitrilovi-bez.jpg
nonfood-0253,"HOFFEN Рук огл ніт текс. без пудри р.XS, Фіолетові(50 пар/уп)",nonfood-0253.jpg,https://content.rozetka.com.ua/goods/images/big/653412578.jpg
nonfood-0254,"HOFFEN Рук огл ніт текс. без пудри р.XS, Рожеві(50 пар/уп)",nonfood-0254.jpg,https://content2.rozetka.com.ua/goods/images/big/654449289.jpg
nonfood-0255,"HOFFEN Рук огл ніт текс. без пудри р.XS, Блакитні(50 пар/уп)",nonfood-0255.jpg,https://images.prom.ua/6992731342_w640_h640_perchatki-hoffen-smotrovye.jpg
nonfood-0256,"HOFFEN Рук огл ніт текс. без пудри р.XS, Чорні(50 пар/уп)",nonfood-0256.jpg,https://images.prom.ua/1531234182_w640_h640_rukavichki-nitrilovi-chorni.jpg
nonfood-0257,"HOFFEN Рук огл ніт текс. без пудри р.М, Фіолетові(50 пар/уп)",nonfood-0257.jpg,https://content.rozetka.com.ua/goods/images/big/653412578.jpg
nonfood-0258,"HOFFEN Рук огл ніт текс. без пудри р.М, 4, 0 чорні(50 пар/уп)",nonfood-0258.jpg,https://images.prom.ua/4797683446_w640_h640_perchatki-nitrilovi-bez.jpg
nonfood-0259,"HOFFEN Рук огл ніт текс. без пудри р.ХL, Фіолетові(50 пар/уп)",nonfood-0259.jpg,https://content.rozetka.com.ua/goods/images/big/653412578.jpg
nonfood-0260,PRO Рукавички одноразові HDPE 500 шт в боксі (20 шт/ящ),nonfood-0260.jpg,https://images.prom.ua/4502239161_w640_h640_pro-perchatki-odnorazovye.jpg
nonfood-0261,"Серветки вологі для рук та обличчя, чорнi, в боксі 80 шт. (12 шт/ящ)",nonfood-0261.jpg,https://mywatershop.com.ua/upload/iblock/fc1/pro_servetky_volohi_dlia_ruk_ta_oblychchia_chorni_v_boksi_80sht.png
nonfood-0262,КП Серветки для рук спресовані 100 шт/уп,nonfood-0262.jpg,https://torus-stroi.ua/image/cache/catalog/image/import_files/d5/d5f56e92-e50d-11ee-b39c-02c44b06a998_20240318115740.webp
nonfood-0263,зубочистки в ПП оболонці 1000 шт 2328,nonfood-0263.jpg,https://www.papirus.com.ua/img/goods/87046.jpg
nonfood-0264,ГЕТ Шапочка медична з нетканого матеріалу (100 шт/уп) Блакитна,nonfood-0264.jpg,https://www.wizard-lab.com.ua/wp-content/uploads/2024/10/shopping.webp
nonfood-0265,ГЕТ Шапочка медична з нетканого матеріалу (100 шт/уп) Рожева,nonfood-0265.jpg,https://shine-shop.com.ua/images/thumbnails/420/420/detailed/5017/d9d4a61751b511ecab43f02f74df8194_4403bd75581f11ecab43f02f74df8194.jpg
nonfood-0266,ГЕТ Шапочка (100 шт/уп) Біла,nonfood-0266.jpg,https://chila.ua/uploads/product_galleries/eb/1e/w264_fjtqan9rl_482fb1dc.png
nonfood-0267,ГЕТ Фартух білий 2 XL (20 шт/уп),nonfood-0267.jpg,https://chila.ua/uploads/product_galleries/71/7b/w1336_fq29m1l2m_ac2afca5.png
nonfood-0268,ГЕТ Халат ПП на кнопках 2 XL (100 шт/уп),nonfood-0268.jpg,https://chila.ua/uploads/product_galleries/d0/ee/w264_f9r6ids20_1e46dd85.png
nonfood-0269,ГЕТ Бахіли 2 гр (50 пар/100 шт/уп),nonfood-0269.jpg,https://cdn.27.ua/799/b7/2f/1554223_2.jpeg
nonfood-0270,"Папір Крафт для випікання ТМ ""СМАЧНО"" коричневий 42 см × 50 м",nonfood-0270.jpg,https://content.rozetka.com.ua/goods/images/big/615751202.png
nonfood-0271,Папір Бурий для випікання Жиронепроникний 28 × 28 40 г/м 2 (1000 шт),nonfood-0271.jpg,https://images.silpo.ua/v2/products/500x500/origin/11a20507-861f-4c15-a65d-0fa6b5c434a3.png
nonfood-0272,"Пергамент ТМ ""СМАЧНО"" білий сілікон 29 см × 50 м",nonfood-0272.jpg,https://content.rozetka.com.ua/goods/images/big/586783748.jpg
nonfood-0273,"Пергамент ТМ ""СМАЧНО"" білий сілікон 38 см × 50 м",nonfood-0273.jpg,https://content1.rozetka.com.ua/goods/images/big/447545089.jpg
nonfood-0274,"Плівка харчова ТМ ""СМАЧНО"" ПЕ 29 см × 100 м × 8 мкм",nonfood-0274.jpg,https://cdn.27.ua/sc--media--prod/default/3e/e3/6b/3ee36b08-2231-4642-b083-937f70831229.jpg
nonfood-0275,"Плівка харчова ТМ ""СМАЧНО"" ПЕ 29 см × 300 м × 8 мкм",nonfood-0275.jpg,https://images.prom.ua/6882937199_w640_h640_optimum-plivka-harchova.jpg
nonfood-0276,"Плівка харчова ТМ ""СМАЧНО"" ПЕ 44 см × 100 м × 8 мкм",nonfood-0276.jpg,https://images.prom.ua/6321701021_w640_h640_plenka-pischevaya-pe.jpg
nonfood-0277,"Плівка харчова ТМ ""СМАЧНО"" ПЕ 44 см × 300 м × 8 мкм",nonfood-0277.jpg,https://cdn.27.ua/sc--media--prod/default/3f/46/63/3f46635f-cced-416c-811e-13f99fd78ce6.jpeg
nonfood-0278,АП Папір силіконізований білий 38/400 × 600 — 500 арк,nonfood-0278.jpg,https://images.prom.ua/3782095241_w640_h640_silikonizovanij-papir-bilij.jpg
nonfood-0279,Серветка мікрофібри для скла (30 × 30) 1 шт 7 Чудес,nonfood-0279.jpg,https://molodo.com.ua/upload/iblock/b8d/Servetky_z_mikrofibry_dlya_Skla_1sht_30x30_sm_TM_Eco_Plus_1.webp
nonfood-0280,Серветка мікрофібри для скла (35 × 35) 1 шт,nonfood-0280.jpg,https://images.prom.ua/4801463836_w640_h640_salfetka-s-mikrofibry.jpg
nonfood-0281,Серветка мікрофібри універсальна 5 шт,nonfood-0281.jpg,https://romus.ua/image/cache/catalog/products/919150-500x500.jpg
nonfood-0282,Серветка мікрофібри для Скла (30 × 30 )5 шт,nonfood-0282.jpg,https://images.prom.ua/4455495444_w700_h500_salfetka-dlya-stekla.jpg
nonfood-0283,Серветка мікрофібри для Скла (35 × 35) 5 шт,nonfood-0283.jpg,https://images.prom.ua/4801463836_w640_h640_salfetka-s-mikrofibry.jpg
nonfood-0284,Pro Серветка мікрофібри для Скла 4 шт,nonfood-0284.jpg,https://images.prom.ua/2998357186_w640_h640_2998357186.jpg
nonfood-0285,Pro Серветка мікрофібри для Універсальна 5 шт,nonfood-0285.jpg,https://images.prom.ua/3924291649_w700_h500_salfetka-iz-mikrofibry.jpg
nonfood-0286,Серветка універсальна з мікрофібри 5 шт жовта,nonfood-0286.jpg,https://chila.ua/uploads/product_galleries/ea/15/w264_g1kdrkiqt_4d5ac2af.png
nonfood-0287,Фольга 28 см × 100 м × 11 мкм,nonfood-0287.jpg,https://sinta.pro/assets/img/c/310340.jpg
nonfood-0288,Фольга 28 см × 50 м × 11 мкм,nonfood-0288.jpg,https://wellpacks.ua/files/product/1/8/3/7/1837_s.jpg
nonfood-0289,Фольга 44 см × 50 м × 11 мкм,nonfood-0289.jpg,https://b2b-service.com.ua/image/cache/catalog/materialy-dlya-pakuvannia/24009-420x600.jpg
nonfood-0290,"Pro Фольга 44 см × 100 м × 8, 5 мкм",nonfood-0290.jpg,https://content.rozetka.com.ua/goods/images/big/340846962.jpg
nonfood-0291,"Pro Фольга 28 см × 100 м × 8, 5 мкм",nonfood-0291.jpg,https://content.rozetka.com.ua/goods/images/big/600549859.jpg
nonfood-0292,Антисептик Засіб для дезінфекції 1 л STERILIO (9 шт/ящ),nonfood-0292.jpg,https://static.tildacdn.com/stor6430-3631-4031-a136-383838323836/77581027.jpg
nonfood-0293,Антисептик Засіб для дезінфекції 5 л STERILIO,nonfood-0293.jpg,https://static.tildacdn.com/stor6430-3631-4031-a136-383838323836/77581027.jpg
nonfood-0294,Pro Антисептик Засіб для дезінфекції 5 л,nonfood-0294.jpg,https://romus.ua/image/cache/catalog/products/90494-500x500.jpg
nonfood-0295,АХД 2000 Засіб для дезінфекції Експрес 1 л (12 шт/ящ),nonfood-0295.jpg,https://biosphere-corp.com/wp-content/uploads/2020/04/25483015.jpeg
nonfood-0296,"АХД 2000 Засіб для дезінфекції Експрес, 5000 мл (2 шт/ящ)",nonfood-0296.jpg,https://root.cdntbl.com/img/goods/04ea3efb-b4b0-11eb-bac9-0050569aacb6/1/img_0.jpg
nonfood-0297,"OPTIMAL Засіб для Миття посуду в посудомийних машинах, 5 л",nonfood-0297.jpg,https://ekava.com.ua/image/catalog/products/profesijna-himiya/dlya-mittya-posudu/zasobi-specialnogo-priznachennya/zasib-dlya-mittya-posudu-v-posudomijnih-mashinah-tm-neocleanpro-5l-8335.jpg
nonfood-0298,"OPTIMAL Засіб для Ополіскування посуду в посудомийних машинах, 5 л",nonfood-0298.jpg,https://images.prom.ua/1826483437_w640_h640_zasib-dlya-opoliskuvannya.jpg
nonfood-0299,"OPTIMAL Засіб для ручного миття посуду, 1 л (з пуш-пулл)",nonfood-0299.jpg,https://coffee-accessories.com.ua/wp-content/uploads/espako-0901-768x776-1.webp
nonfood-0300,"OPTIMAL Засіб для ручного миття посуду, 5 л",nonfood-0300.jpg,https://images.prom.ua/4911389403_w640_h640_zasib-dlya-ruchnogo.jpg
nonfood-0301,2 KHORECA Концентров. рідина для посуду Соковитий лимон 5 л,nonfood-0301.jpg,https://pwa-api.eva.ua/img/512/512/resize/8/2/821477_1_1762441532.jpg
nonfood-0302,Засіб миття посуду Хосен 5 л.,nonfood-0302.jpg,https://content2.rozetka.com.ua/goods/images/big/594661889.jpg
nonfood-0303,Cleon Засіб для миття посуду OPTIMA Лимон 5 л.,nonfood-0303.jpg,https://content1.rozetka.com.ua/goods/images/big/612078362.jpg
nonfood-0304,Cleon Засіб для миття посуду OPTIMA Яблуко 5 л.,nonfood-0304.jpg,https://image.maudau.com.ua/webp/size/lg/products/88/60/9e/88609e04f1a4d3ea7ef705afaf469413.jpg
nonfood-0305,LYNKS Засіб для миття посуду Лайм ПЕТ 5 л.,nonfood-0305.jpg,https://lynks-clean.mk.ua/wp-content/uploads/2024/05/51c61d17a99f068e389b576e103e8cc40vQhCwcmEXE7HMWs.jpg
nonfood-0306,LYNKS Засіб для миття посуду Алоє ПЕТ 5 л.,nonfood-0306.jpg,https://lynks-clean.mk.ua/wp-content/uploads/2024/05/51c61d17a99f068e389b576e103e8cc40vQhCwcmEXE7HMWs.jpg
nonfood-0307,PORADA Засіб для миття посуду Лайм/лимон ПЕ 5 л.,nonfood-0307.jpg,https://pwa-api.eva.ua/img/512/512/resize/7/6/760669_1_1762441174.jpg
nonfood-0308,PORADA Засіб для миття посуду Алоє ПЕ 5 л.,nonfood-0308.jpg,https://verbera.com.ua/components/com_jshopping/files/img_products/full_25472372.jpg
nonfood-0309,"2 KHORECA Засіб для видалення жиру, 5 л",nonfood-0309.jpg,https://images.prom.ua/6519196228_w640_h640_zasib-dlya-vidalennya.jpg
nonfood-0310,"OPTIMAL Засіб для скляних та глянцевих поверхонь (концентрат), 5 л",nonfood-0310.jpg,https://images.prom.ua/6615486248_w200_h200_sredstvo-dlya-mytya.jpg
nonfood-0311,"OPTIMAL ""Анти Жир"", універсал, 1 л (з пінним розпилювачем)",nonfood-0311.jpg,https://content.rozetka.com.ua/goods/images/big/627973505.jpg
nonfood-0312,"OPTIMAL Засіб для чищення грилів ""Анти Жир"", універсал 5 л",nonfood-0312.jpg,https://cleanpluspack.com.ua/wp-content/uploads/2025/10/217439744-600x600.webp
nonfood-0313,"OPTIMAL Засіб для чищення грилів, 1 л (з пінним розпилювачем)",nonfood-0313.jpg,https://coffee-accessories.com.ua/wp-content/uploads/im4sl91tzyh0yraqhgm5qvvzw2r6397m-1100x1100-1-800x800.webp
nonfood-0314,"OPTIMAL Засіб для чищення грилів, 5 л",nonfood-0314.jpg,https://cleanpluspack.com.ua/wp-content/uploads/2025/10/217439744-600x600.webp
nonfood-0315,"OPTIMAL Засіб універсальний для кухні - поверхні та обладнання, 1 л",nonfood-0315.jpg,https://content.rozetka.com.ua/goods/images/big/286442135.png
nonfood-0316,"OPTIMAL Засіб універсальний для кухні - поверхні та обладнання, 5 л",nonfood-0316.jpg,https://content.rozetka.com.ua/goods/images/big/286442135.png
nonfood-0317,"OPTIMAL Гель-шампунь для душу ""Весняна свіжість"", 5 л",nonfood-0317.jpg,https://images.prom.ua/4226297399_w640_h640_gel-shampun-dlya-dushu.jpg
nonfood-0318,"Pro Wash Гель-шампунь для тіла та волосся, 5 л",nonfood-0318.jpg,https://sv1.office-centre.com.ua/public/f64fb9c9-39bd-11ed-8109-0cc47aace875/4280d3da4a21ab81d29bc44cc9404fae/f64fb9c9-39bd-11ed-8109-0cc47aace875-0.webp
nonfood-0319,"OPTIMAL Крем-мило для рук ""Кашемір"", 5 л",nonfood-0319.jpg,https://content.rozetka.com.ua/goods/images/big/242129561.jpg
nonfood-0320,"OPTIMAL Мило-пінка, 5 л",nonfood-0320.jpg,https://pack-house.com.ua/image/catalog/products/himiya/24 (1).png
nonfood-0321,Мило рідке Хосен 5 л. (економ),nonfood-0321.jpg,https://7office.ua/upload/catalog/19400/19383/6c5f024a-04d8-11f0-a068-002590fa556c_9541d77a-37df-11f0-a06b-002590fa556c.webp
nonfood-0322,LYNKS Рідке мило Конвалія ПЕТ 5 л.,nonfood-0322.jpg,https://pwa-api.eva.ua/img/0/0/resize/1/0/1015118_1_1733729770.jpg
nonfood-0323,Cleon Мило рідке Польова квітка 5 л.,nonfood-0323.jpg,https://image.maudau.com.ua/webp/size/lg/products/6e/1c/dc/6e1cdc8e0c52fdedf7bad7ad5d39fd99.jpg
nonfood-0324,Cleon Мило рідке Лимон 5 л.,nonfood-0324.jpg,https://www.prof-bud.com.ua/wp-content/uploads/2025/09/ridke-mylo-lymon-5-l.-kanistra-pe-golden-clean.png
nonfood-0325,Galax Мило рідке з Алое вера 1500 г (дойпак),nonfood-0325.jpg,https://chustoland.com.ua/image-cache/?w=400&h=400&a=3&fi=33462&wt=0&bg=ffffff&f=static-files%2Fimg%2Fgoods%2F24%2F18%2Fridke-milo-galax-z-aloe-vera-1500-g-12378101.webp
nonfood-0326,Мило рідке Господарське 5 л.,nonfood-0326.jpg,https://office-better.com/content/images/48/700x1500l80mc0/ridke-hospodarske-mylo-mylam-5-l-75261198676593.jpg
nonfood-0327,GALAX Засіб для миття скла та дзеркал Кипарисовий сад 1 л,nonfood-0327.jpg,https://pwa-api.eva.ua/img/0/0/resize/5/4/546511_1_1746175273.jpg
nonfood-0328,GALAX Засіб для миття скла та дзеркал Океанська свідість 1 л,nonfood-0328.jpg,https://ars.ua/media/catalog/product/cache/5dc4ee9766bbacfca03f60f646b0a19b/e/6/e6c62dd5efcf6fe06348d0e1aebfbd611c921a6c_943772_GALAX_Zasib_dlia_myttia_skla_ta_dzerkal_Okeanska_svizhist_1l..jpg
nonfood-0329,GALAX Засіб для миття скла та дзеркал Кипарисовий сад 500 мл,nonfood-0329.jpg,https://delicio-food.com.ua/content/images/1/390x390l80mc30/zasib-dlia-myttia-skla-ta-dzerkal-galax-kyparysovyi-sad-500ml-2k-ukraina-nimechchyna-41675956191064.png
nonfood-0330,"OPTIMAL Засіб для миття скла, вікон та дзеркал, 1 л (з розпилювачем)",nonfood-0330.jpg,https://coffee-accessories.com.ua/wp-content/uploads/dby43tb060rpeqbstc9449abrkrjhbw6-1100x1100-1-800x800.webp
nonfood-0331,"OPTIMAL Засіб для миття скла, вікон та дзеркал, 5 л",nonfood-0331.jpg,https://coffee-accessories.com.ua/wp-content/uploads/dby43tb060rpeqbstc9449abrkrjhbw6-1100x1100-1-800x800.webp
nonfood-0332,Засіб для миття вікон 5 л«Хосен»,nonfood-0332.jpg,https://chistoshop.net/content/images/11/800x800l80mc0/zasib-dlia-myttia-vikon-khosen-500ml.-20771071122491.png
nonfood-0333,Омивач для скла -22 С 5 л«Хосен»,nonfood-0333.jpg,https://stream-market.com.ua/011889.jpg
nonfood-0334,LYNKS Очисник для скла ПЕТ 5 л.,nonfood-0334.jpg,https://lynks-clean.mk.ua/wp-content/uploads/2024/05/51c61d17a99f068e389b576e103e8cc40vQhCwcmEXE7HMWs.jpg
nonfood-0335,"Порошок для прання універсальний ""Wash&Free"", 9 кг",nonfood-0335.jpg,https://media.prostor.ua/catalog/product/u/0/u0877390_big_1739251213.jpg
nonfood-0336,"Порошок для прання універсальний ""Океанська свіжість"" ""Pro Wash"", 3 кг",nonfood-0336.jpg,https://icf.listex.info/300x200/69a047f4-39df-e26a-c72c-234632efea04.png
nonfood-0337,"Засіб для прання у вигляді капсул ""Wash&Free""/""Pro WASH"" 150 шт",nonfood-0337.jpg,https://content.rozetka.com.ua/goods/images/big/490257442.png
nonfood-0338,WASH&FREE Гель для прання універсальний 5 л,nonfood-0338.jpg,https://image.maudau.com.ua/webp/size/xl/products/ee/8c/41/ee8c41bf416b9035fa561aa344ffcfad.jpg
nonfood-0339,WASH&FREE Гель для прання універсальний Гірська свіжість 5 л,nonfood-0339.jpg,https://cdn.27.ua/799/17/13/8984339_2.jpeg
nonfood-0340,"PRO WASH Плямовивідник для кольорових речей ""Кисневий"" 900 г",nonfood-0340.jpg,https://cdn.27.ua/799/17/1b/8984347_1.jpeg
nonfood-0341,PRO WASH Гель для прання універсальний 4 кг,nonfood-0341.jpg,https://varus.ua/img/product/1140/1140/2629502
nonfood-0342,DOCTOR WASH Гель для прання універсальний 4200 г,nonfood-0342.jpg,https://cdn.comfy.ua/media/catalog/product/i/m/img_5977_.jpg
nonfood-0343,"OPTIMAL Гель для прання білих та кольорових речей ""White and Color"", 5 л",nonfood-0343.jpg,https://content2.rozetka.com.ua/goods/images/big/516210414.jpg
nonfood-0344,"OPTIMAL Гель для прання делікатних тканин ""Делікат"", 5 л",nonfood-0344.jpg,https://bien.com.ua/wp-content/uploads/2019/10/bien-гель-для-делікатного-прання-1.jpg
nonfood-0345,"OPTIMAL для видалення плям при пранні ""Кислий"", 0, 5 л (з розпилювачем)",,
nonfood-0346,"OPTIMAL для видалення плям при пранні ""Лужний"", 0, 5 л (з розпилювачем)",,
nonfood-0347,"OPTIMAL Пінний плямовивідник для килимів та текстилю, 0, 5 л,",nonfood-0347.jpg,https://cdn.27.ua/sc--media--prod/default/19/3d/fe/193dfed0-db98-4729-b6e9-dc517511a1c5.png
nonfood-0348,ТП Domestos Експерт сила 7 1 л,nonfood-0348.jpg,https://content2.rozetka.com.ua/goods/images/big/280748622.jpg
nonfood-0349,ТП Domestos Лимонна свіжість 1 л,nonfood-0349.jpg,https://shurshilo.com/_ipx/f_webp&q_80/storage/products/6/138002.jpg
nonfood-0350,ТП Domestos Свіжість атлантики 1 л,nonfood-0350.jpg,https://img2.itbox.ua/1600x1600/prod_img/2/U0212002_big_1727106547.jpg
nonfood-0351,ТП Domestos Ультра білий 1 л,nonfood-0351.jpg,https://office-better.com/content/images/5/1500x1500l80mc0/zasib-dlia-chyshchennia-unitaza-domestos-ultra-bilyi-1-l-19593602282864.jpg
nonfood-0352,ТП Domestos Хвойна свіжість 1 л,nonfood-0352.jpg,https://7office.ua/upload/catalog/12400/12368/d445b9c6-2656-11ea-bba0-00155dc56d03_c5419a94-27de-11ea-bba0-00155dc56d03.webp
nonfood-0353,"OPTIMAL Гель для чищення унітазу, 1 л",nonfood-0353.jpg,https://cdn.27.ua/sc--media--prod/default/e8/69/9b/e8699bff-5df9-450f-84ca-65f8c23c5d8b.jpg
nonfood-0354,"OPTIMAL для миття ванних і туалетних кімнат, 5 л",nonfood-0354.jpg,https://devisan.com.ua/static/content/cache/catalog/301152-5-400x400.png
nonfood-0355,"OPTIMAL для чищення ванни, кахлю та сантехніки 1 л (з розпилювачем)",nonfood-0355.jpg,https://pwa-api.eva.ua/img/0/0/resize/4/6/462917_1_1730290219.jpg
nonfood-0356,"OPTIMAL Конц. для вид. складн забруднень в туалетній кімнаті, 1 л (з розп)",nonfood-0356.jpg,https://cdn.27.ua/sc--media--prod/default/d5/f8/80/d5f8801f-d688-4010-a182-1cb9d7a76f36.png
nonfood-0357,2 KHORECA Засіб для прочищення каналізаційних труб 1 л,nonfood-0357.jpg,https://content2.rozetka.com.ua/goods/images/big/512126246.jpg
nonfood-0358,"OPTIMAL Конц. для видалення складних забруднень в туалетній кімнаті, 5 л",nonfood-0358.jpg,https://images.prom.ua/5859430681_w640_h640_kontsentrat-optimal-pro.jpg
nonfood-0359,Білизна рідкий засіб 5 л.,nonfood-0359.jpg,https://images.prom.ua/3849397539_w640_h640_ridkij-zasib-dlya.jpg
nonfood-0360,"Засіб для чищення туалету 1, 1 л. Хосен",nonfood-0360.jpg,https://content1.rozetka.com.ua/goods/images/big/614197208.jpg
nonfood-0361,"Засіб рідкий для відбілювання тканин, 1 л",nonfood-0361.jpg,https://images.prom.ua/6461886697_w640_h640_kontsentrirovannoe-zhidkoe-sredstvo.jpg
nonfood-0362,"LYNKS Очисник кахлю, акрилу, душевих ПЕТ 5 л.",nonfood-0362.jpg,https://lynks-clean.mk.ua/wp-content/uploads/2024/05/ab031c5f3685fdef311d1b6eb1b31a08I5FODn3sObBb74SM.jpg
nonfood-0363,LYNKS Очисник унітазів концентрат ПЕТ 5 л.,nonfood-0363.jpg,https://lynks-clean.mk.ua/wp-content/uploads/2024/05/ab031c5f3685fdef311d1b6eb1b31a08I5FODn3sObBb74SM.jpg
nonfood-0364,LYNKS Очисник для керамічних поаерхонь ПЕТ 5 л.,nonfood-0364.jpg,https://lynks-clean.mk.ua/wp-content/uploads/2024/05/51c61d17a99f068e389b576e103e8cc40vQhCwcmEXE7HMWs.jpg
nonfood-0365,PORADA Засіб для прочищення каналізаційних труб ПЕ 5 л.,nonfood-0365.jpg,https://cdn.27.ua/sc--media--prod/default/d0/7d/45/d07d4589-2ff1-48f0-a7da-0486d6cc0601.jpg
nonfood-0366,PORADA Сантрі-Гель ПЕ 5 л.,nonfood-0366.jpg,https://images.prom.ua/6332962318_santri-gel-5l-pe.jpg
nonfood-0367,Сантрі гель д/сант 5 л.,nonfood-0367.jpg,https://cdn.27.ua/sc--media--prod/default/31/64/5d/31645d51-a7f2-4b65-86e9-2c37906f79ef.png
nonfood-0368,"Універсальний засіб для миття підлог і стін ""Galax"" das Power Clean, 5 л",nonfood-0368.jpg,https://pwa-api.eva.ua/img/512/512/resize/6/0/605580_1_1736332273.jpg
nonfood-0369,"WASH&FREE ЗАСІБ УНІВЕРСАЛЬНИЙ ""Рідке господарське мило"" 5 л",nonfood-0369.jpg,https://images.prom.ua/6984109029_w640_h640_wash-and-free-ridke-gospodarske.jpg
nonfood-0370,GALAX Універсальний засіб для догляду за меблями 5 в 1 з алое вера 500 мл,nonfood-0370.jpg,https://images.avrora.ua/images/detailed/167/125330_1.jpg
nonfood-0371,"OPTIMAL для твердих вологостійких поверхонь. Машинне прибирання, 10 л",nonfood-0371.jpg,https://images.prom.ua/4033100944_kontsentrat-dlya-mittya.jpg
nonfood-0372,"OPTIMAL Засіб для ручного миття підлоги (концентрат), 1 л",nonfood-0372.jpg,https://content1.rozetka.com.ua/goods/images/big/242138096.jpg
nonfood-0373,"OPTIMAL Засіб для ручного миття підлоги (концентрат), 5 л",nonfood-0373.jpg,https://stakanopt.com.ua/files/resized/products/6739.1800x1800w.jpg
nonfood-0374,"OPTIMAL Засіб для чищення килимів та м'яких меблів, 5 л",nonfood-0374.jpg,https://images.prom.ua/6608547749_w400_h400_sredstvo-dlya-chistki.jpg
nonfood-0375,"OPTIMAL Поліроль для меблів, 0, 5 л (з розпилювачем)",nonfood-0375.jpg,https://coffee-accessories.com.ua/wp-content/uploads/ylcmhvd16e3ylpxfk7terws0zwlikx3k-1100x1100h-300x300.webp
nonfood-0376,"OPTIMAL Поліроль для меблів, 1 л (з розпилювачем)",nonfood-0376.jpg,https://pack-house.com.ua/image/catalog/products/himiya/26 (1).png
nonfood-0377,"OPTIMAL Поліроль для меблів, 5 л",nonfood-0377.jpg,https://cdn.27.ua/sc--media--prod/default/16/0c/81/160c812f-079c-44a6-a3a6-179d5a152238.png
nonfood-0378,Засіб для миття підлоги 5 л«Хосен»,nonfood-0378.jpg,https://7office.ua/upload/catalog/19400/19382/e1c32802-04d7-11f0-a068-002590fa556c_c9bcb000-4533-11f0-a06c-002590fa556c.webp
nonfood-0379,"PRO Засіб миючий універсальний МОРСЬКА СВІЖІСТЬ, 5 л (3 шт/ящ) І",nonfood-0379.jpg,https://cdn.27.ua/sc--media--prod/default/13/cb/fc/13cbfc58-21c6-43ff-9c8e-9ae9d601f049.png
nonfood-0380,LYNKS Очисник паркету та ламінату ПЕТ 5 л.,nonfood-0380.jpg,https://b2b.zahid-pro.com.ua/!wr/im_pictures/69/69656b.jpg
nonfood-0381,PORADA Універсальний миючий засіб ПЕ 5 л.,nonfood-0381.jpg,https://content2.rozetka.com.ua/goods/images/big/514146381.jpg
nonfood-0382,"OPTIMAL для вид. накипу в автомат. кавовій машині (конц), 0, 5 л",nonfood-0382.jpg,https://stakanopt.com.ua/files/resized/products/6729.1800x1800w.jpg
nonfood-0383,"OPTIMAL для видалення накипу в автоматичній кавовій машині (конц.), 5 л",nonfood-0383.jpg,https://stakanopt.com.ua/files/resized/products/6729.1800x1800w.jpg
nonfood-0384,"OPTIMAL для чищення кавової машини від кавових масел, з міркою конц. 1 л",nonfood-0384.jpg,https://cdn.27.ua/sc--media--prod/default/09/8b/48/098b48a4-d5af-414d-9ccc-ebda35c23dc1.png
nonfood-0385,"OPTIMAL чищення кавомашин від кавових масел (конц.), 0, 5 л, з мірн кришк",nonfood-0385.jpg,https://coffee-accessories.com.ua/wp-content/uploads/q2e2vqs32ihe51nawt8ifdmvffrsi8wu-1000x1000-1-800x800.webp
nonfood-0386,"OPTIMAL Засіб для чищення кавомашин від кавових масел (концентрат), 5 л",nonfood-0386.jpg,https://coffee-accessories.com.ua/wp-content/uploads/q2e2vqs32ihe51nawt8ifdmvffrsi8wu-1000x1000-1-800x800.webp
nonfood-0387,"OPTIMAL для чищення молочної системи кавової машини конц 0, 5 л,",nonfood-0387.jpg,https://cdn.27.ua/sc--media--prod/default/a6/48/4c/a6484cc8-d30d-488b-a5fa-26e272a6ab86.jpg
nonfood-0388,"OPTIMAL для чищення молочної системи кавової машини (концентрат), 5 л",nonfood-0388.jpg,https://cdn.27.ua/sc--media--prod/default/a6/48/4c/a6484cc8-d30d-488b-a5fa-26e272a6ab86.jpg
nonfood-0389,"OPTIMAL для чищення пральної машини від накипу конц. 0, 5 л,",nonfood-0389.jpg,https://content1.rozetka.com.ua/goods/images/big/470823678.jpg
nonfood-0390,Пакети д/сміття 120 л х 10 шт ЧОРНІ ЕКО А. LD (А),nonfood-0390.jpg,https://romus.ua/image/cache/catalog/products/16118250-500x500.jpg
nonfood-0391,Пакети д/сміття 120 л х 20 шт ЧОРНІ ЕКО В. LD (В),nonfood-0391.jpg,https://content2.rozetka.com.ua/goods/images/big/438912963.jpg
nonfood-0392,Пакети д/сміття 120 л х 10 шт ЧОРНІ ЕКО С. LD (С),nonfood-0392.jpg,https://office-better.com/content/images/21/800x600l80mc0/15627192631335.jpg
nonfood-0393,Пакети д/сміття 160 л х 10 шт ЧОРНІ ЕКО А. LD (А),nonfood-0393.jpg,https://bar-service.club/content/images/46/1800x1800l80mc0/99754455966451.jpeg
nonfood-0394,Пакети д/сміття 160 л х 10 шт ЧОРНІ ЕКО С. LD (С),nonfood-0394.jpg,https://bar-service.club/content/images/46/1800x1800l80mc0/99754455966451.jpeg
nonfood-0395,Пакети д/сміття 20 л х 50 шт. БІЛІ ЕКО В. HD (В),nonfood-0395.jpg,https://images.avrora.ua/images/detailed/156/121915_001.jpg
nonfood-0396,ГЕТ Пакети д/сміття 20 л х 30 шт. БІЛІ ЕКО В. HD (В) міцні,nonfood-0396.jpg,https://romus.ua/image/cache/catalog/products/x2053867-300x300.jpg.pagespeed.ic.e4rb4DSUpW.jpg
nonfood-0397,Пакети д/сміття 240 л х 5 шт ЧОРНІ ЕКО В. LD (В),nonfood-0397.jpg,https://content1.rozetka.com.ua/goods/images/big/621640738.jpg
nonfood-0398,Пакети д/сміття 35 л х 100 шт ЧОРНІ ЕКО В. HD (В),nonfood-0398.jpg,https://content2.rozetka.com.ua/goods/images/big/592853670.jpg
nonfood-0399,Пакети д/сміття 35 л х 100 шт. ЧОРНІ ЕКО С. HD (С),nonfood-0399.jpg,https://office-better.com/content/images/33/1800x1350l80mc0/productgarbage_package_pro_35l_100pc-81739455107581.jpg
nonfood-0400,Пакети д/сміття 35 л х 50 шт. ЧОРНІ ЕКО В. HD (В),nonfood-0400.jpg,https://content.rozetka.com.ua/goods/images/big/316680926.jpg
nonfood-0401,Пакети д/сміття 35 л х 50 шт. ЧОРНІ ЕКО С. HD (С),nonfood-0401.jpg,https://images.prom.ua/5841816679_w640_h640_pakety-dlya-musora.jpg
nonfood-0402,Пакети д/сміття 60 л х 10 шт ЧОРНІ ЕКО А. LD (А),nonfood-0402.jpg,https://cdn.27.ua/sc--media--prod/default/21/84/26/2184262c-3678-4c35-b0c9-0ad65b5792f2.jpg
nonfood-0403,Пакети д/сміття 60 л х 20 шт ЧОРНІ ЕКО А. LD (А),nonfood-0403.jpg,https://content.rozetka.com.ua/goods/images/big/268922097.jpg
nonfood-0404,Пакети д/сміття 60 л х 20 шт ЧОРНІ ЕКО В. HD (В),nonfood-0404.jpg,https://laverna.online/wp-content/uploads/2022/09/IMG_8567.png
nonfood-0405,Пакети д/сміття 60 л х 20 шт ЧОРНІ ЕКО С. HD (С),nonfood-0405.jpg,https://7office.ua/upload/catalog/3700/3639/a34b3a5e-b84f-11e9-8da8-00155d01bb06_f385b310-d0a5-11e9-bb93-00155dc56d03.webp
nonfood-0406,Пакети д/сміття 60 л х 40 шт ЧОРНІ ЕКО В. HD (В),nonfood-0406.jpg,https://content2.rozetka.com.ua/goods/images/big/592853692.jpg
nonfood-0407,Серветки паперові 2 шар.V-складання КУБ,nonfood-0407.jpg,https://stopshop.com.ua/wp-content/uploads/746e2e214a3787f99362c2c2edoy.jpg
nonfood-0408,Серветка паперова диспенсерна біла (1500 шт).,nonfood-0408.jpg,https://content1.rozetka.com.ua/goods/images/big/419930254.png
nonfood-0409,"Серветка 24 × 24 біла, гладка 1/4 2-х шар 200 шт./уп.",nonfood-0409.jpg,https://promastermarket.com/media/catalog/product/cache/74c1057f7991b4edb2bc7bdaa94de933/7/7/77001_10.jpg
nonfood-0410,Серветка 33 х 33 2-х шар 1/8 (125 шт),nonfood-0410.jpg,https://papirstok.com/image/cache/catalog/Bumagadlyagigieny/Salfetki/800056-700x700.jpg
nonfood-0411,"Серветка барна біла, 500 шт",nonfood-0411.jpg,https://b2b-service.com.ua/image/cache/catalog/servetky-papir-rushnyku/servetky-barni-bili-24sm-24sm-b2b-service-1000x1000.jpg
nonfood-0412,Серветка Мяко 33 х 33 2-х шар 1/4 (125 шт),nonfood-0412.jpg,https://pwa-api.eva.ua/img/512/512/resize/1/8/1801388_1_1776234029.jpg
nonfood-0413,Серветка Мяко 33 х 33 БІЛА 1-х шар 1/8 (125 шт),nonfood-0413.jpg,https://stakanopt.com.ua/files/resized/products/5794.1800x1800w.jpg
nonfood-0414,"ДИВО серв. папер. 1-шарові 24 × 24, в п/п упаковці 100 шт білі",nonfood-0414.jpg,https://ars.ua/media/catalog/product/cache/5dc4ee9766bbacfca03f60f646b0a19b/a/7/a7915f4d089481d7add6f9bb73dd374e1109d406_841448_divo_serv_paper_1_sharov_24_24_100sht_b_l_1618.jpg
nonfood-0415,"Рушник V- складання Lux, 2 шар., 150 арк",nonfood-0415.jpg,"https://b2b-service.com.ua/image/cache/catalog/servetky-papir-rushnyku/Rushnyk paperovyy. 2-sharovyy, VV-skladannya, 150 arkushiv, NOVA, Papero_14020_3-1000x1000.jpg"
nonfood-0416,"Рушник Z-Z складання Lux, 2 шар., 150 арк.",nonfood-0416.jpg,"https://b2b-service.com.ua/image/cache/catalog/servetky-papir-rushnyku/Rushnyk paperovyy. 2-sharovyy, VV-skladannya, 150 arkushiv, NOVA, Papero_14020-1000x1000.jpg"
nonfood-0417,Рушник паперовий V-скл. Лайт сірий макулатурний 160 шт(25 шт/ящ),nonfood-0417.jpg,https://watermax.ua/content/images/45/600x600l80mc0/optimum-rushnyk-paperovyi-v-skl.-siryi-makulaturnyi-160-sht-25sht-yashch-24391253736809.png
nonfood-0418,Рушник паперовий V-скл. зелений макулатурний 160 шт.(25 шт/ящ),nonfood-0418.jpg,https://sv1.office-centre.com.ua/public/dc3403c3-fca3-11e5-8244-00e081d27a45/9c99a3f6e7fea0e414daf7c42427dd4d/dc3403c3-fca3-11e5-8244-00e081d27a45-0.webp
nonfood-0419,"Рушник целюлоза (350 відривів), 2-х шар, перферація",nonfood-0419.jpg,https://cdn.kasta.ua/image/345/s3/supplier_provided_link/feed/eb4/c66/1c7/48d/984/c0c/a9b/7d9/a8d.jpeg
nonfood-0420,"Рушник целюлоза (75 м перфорація), 2-х шар, (6 рул/уп)",nonfood-0420.jpg,https://khoz.com.ua/wp-content/uploads/rushnik-paperovij-bilij-2-oh-shar-celyuloza-75m-rul-0504.jpg
nonfood-0421,Рушник целюлозний д/автомат. диспенсерів 2-х шар.(6 рул/уп),nonfood-0421.jpg,https://vizok.market/content/images/47/1022x628l80mc0/59257075924263.jpg
nonfood-0422,"Рушник, целюлозний 200 м 1 шар, перфорація, (23 грм)",nonfood-0422.jpg,https://medtehnika-plus.com.ua/wa-data/public/shop/products/08/09/908/images/937/937.970.jpg
nonfood-0423,"Рушники цел. на гільзі по 8 рул., 2-шар., ""Soffi PRO Optimal""",nonfood-0423.jpg,https://cdn.io-opt.com/images/products/480x480/kx.51078.png
nonfood-0424,"Рушник паперовий ""Mildi Smart"" 210 × 110/50 целюл. 2 шар. (2 шт.)",nonfood-0424.jpg,https://images.prom.ua/5163418658_w640_h640_rushnik-paperovij-mildi.jpg
nonfood-0425,ТП Хосен Джамбо-Велетень макул 120 м.п.(12 рул/уп),nonfood-0425.jpg,https://papirstok.com/image/cache/catalog/Bumagadlyagigieny/Tualbumaga/1.120.0-700x700.jpg
nonfood-0426,"Туалетний папір ""Хосен"" ТМ ""Хосен"" 65 м.",nonfood-0426.jpg,https://via.com.ua/image/cache/import_files/ca/ca2377a7-11a1-11e0-b771-20cf301046640-1000x1000.png
nonfood-0427,ТП Мяко Джамбо-Рулон макул 125 м.п.(12 рул/уп),nonfood-0427.jpg,https://images.prom.ua/1966064549_w640_h640_tualetnaya-bumaga-belaya.jpg
nonfood-0428,ТП Мяко Джамбо-Рулон макул 95 м/п (12 рул/уп),nonfood-0428.jpg,https://images.prom.ua/1966064549_w640_h640_tualetnaya-bumaga-belaya.jpg
nonfood-0429,ТП Мяко Целюлоза 2-х шар готельний економ (Білий) (24 шт/уп) 12 м,nonfood-0429.jpg,https://images.prom.ua/6242712234_w640_h640_tualetnij-papir-myako.jpg
nonfood-0430,"ТП Мяко Целюлоза 50 м/п, Г-32 см, Д-12 см (Білий) (24 рул/упак) 2 шар",nonfood-0430.jpg,https://cdn.io-opt.com/images/products/sp.18201.png
nonfood-0431,"ТП Мяко Целюлоза 90 м/п, Г-60 см, Д-19 см (Білий) (12 рул/уп) 2 шар",nonfood-0431.jpg,https://b2b-service.com.ua/image/cache/catalog/servetky-papir-rushnyku/tualetnyy-papir-dzhambo-2-sharovyy-tselyuloznyy-bilyy-90m-420x600.jpg
nonfood-0432,"Папір туалетний ""Велетень""90 × 190/60 сір",nonfood-0432.jpg,https://hosen.com.ua/622-medium_default/papir-tualetnij-dzhambo-veleten.jpg
nonfood-0433,"Папір туалетний целюл. ""Soffi PRO Basic"" 1-шар. D 190 мм 12 рул. в упак.",nonfood-0433.jpg,https://content.rozetka.com.ua/goods/images/big/18644711.jpg
nonfood-0434,PRO Серветки віскозні балком 50 шт комплект (1 балк/ящ),nonfood-0434.jpg,https://kcr.com.ua/content/images/47/390x390l80mc0/21479727504312.png
nonfood-0435,PRO Серветки віскозні 10 шт 30 × 30,nonfood-0435.jpg,https://cdn.io-opt.com/images/products/pr.19100206.jpg
nonfood-0436,ГЕТ Серветки віскозна 50 шт,nonfood-0436.jpg,https://www.galecotrade.com/galecofiles/uploaded/2025/11/photo_2025-11-13_11-02-31.jpg
nonfood-0437,"Серветки універсальні віскозні ТМ 7 чудес, 10 шт",nonfood-0437.jpg,https://images.prom.ua/4496274573_w640_h640_salfetki-viskoznye-tm.jpg
nonfood-0438,"Серветки універсальні віскозні ТМ 7 чудес, 5 шт",nonfood-0438.jpg,https://images.prom.ua/4114055925_w640_h640_salfetki-viskoznye-universalnye.jpg
nonfood-0439,PRO Серветки целюлознi балком 60 шт комплект (1 балк/ящ),nonfood-0439.jpg,https://content2.rozetka.com.ua/goods/images/big/221282784.jpg
nonfood-0440,PRO Серветки целюлознi 10 шт,nonfood-0440.jpg,https://cdn.27.ua/sc--media--prod/default/9e/40/6d/9e406d61-70b5-4caa-9fcd-a976fc79c123.jpg
nonfood-0441,"Серветки целюлозні вологопоглинаючі ТМ 7 чудес, 5 шт",nonfood-0441.jpg,https://varus.ua/img/product/670/670/2660341
nonfood-0442,"Серветки целюлозні вологопоглинаючі ТМ 7 чудес, 7 шт",nonfood-0442.jpg,https://varus.ua/img/product/670/670/2660341
nonfood-0443,"Ганчірка для підлоги, 1 шт",nonfood-0443.jpg,https://images.avrora.ua/images/detailed/161/121452_2.jpg
nonfood-0444,"Ганчірка для підлоги 7 чудес (50 × 60), 1 шт",nonfood-0444.jpg,https://pwa-api.eva.ua/img/512/512/resize/8/6/861703_1_1766499430.jpg
nonfood-0445,Губка кухонна Максі Супер піна 5+1 шт,nonfood-0445.jpg,https://images.prom.ua/3119744015_w640_h640_gubka-dlya-mittya.jpg
nonfood-0446,"Губка кухонна ""Максіма"" піноефект ТМ 7 чудес, 5 шт",nonfood-0446.jpg,https://cdn.27.ua/original/4d/90/85392_13.jpeg
nonfood-0447,"Губка кухонна ""Іжак"" ТМ 7 чудес, 3 шт",nonfood-0447.jpg,https://ak.ua/files/resized/products/51368.1800x1800w.jpg
nonfood-0448,"Губка кухонна Ho Re Ca cупер піна ТМ 7 Чудес, 5 шт",nonfood-0448.jpg,https://cdn.27.ua/sc--media--prod/default/bb/0c/01/bb0c0157-024a-4811-9d07-af84536f14d0.jpg
nonfood-0449,"Губка кухонна Ho Re Ca чорна ТМ 7 Чудес, 5 шт",nonfood-0449.jpg,https://images.prom.ua/5753145318_w700_h500_gubka-kuhonnaya-poristaya.jpg
nonfood-0450,"Губка кухонна Хорека ТМ 7 Чудес, 10 шт",nonfood-0450.jpg,https://ak.ua/files/resized/products/53446.1800x1800w.jpg
nonfood-0451,"Скребок металевий Гігант, 3 шт",nonfood-0451.jpg,https://cdn.27.ua/sc--media--prod/default/74/6d/a6/746da659-8072-4b78-af6a-792c77bf25e8.jpg
nonfood-0452,"Скребок металевий Максіма ТМ 7 чудес, 3 шт",nonfood-0452.jpg,https://images.prom.ua/5286040615_skrebok-metallicheskij-ekonom.jpg
nonfood-0453,"Скребок пластиковий ТМ 7 чудес, 6 шт",nonfood-0453.jpg,https://images.prom.ua/6294059410_w640_h640_skrebok-plastikovij-7.jpg
nonfood-0454,"Скребок спіральний нержавіючий, 10 шт",nonfood-0454.jpg,https://cdn.27.ua/sc--media--prod/default/cf/e1/c2/cfe1c2b9-338f-44da-a870-424795c5450f.jpg
food-0003,Кама Олія Соняшниково Оливкова Рафін 1 л,food-0003.jpg,https://content2.rozetka.com.ua/goods/images/big/603154729.jpg
food-0004,Кама Олія Кукурудзяна Нераф Дез 1 л,food-0004.jpg,https://images.silpo.ua/v2/products/1200x1200/webp/83537a7b-8c24-4c89-b6f1-c7725d10d0a1.png
food-0005,Кама Олія Кукурудзяна Раф Дез 1 л,food-0005.jpg,https://cdn.27.ua/799/7a/2a/1538602_1.jpeg
food-0006,PROSMAZH Олія РВД 5 л,food-0006.jpg,https://images.prom.ua/6237416588_w640_h640_maslo-dlya-zharki.jpg
food-0007,PROSMAZH Олія РВД фритюр 5 л,food-0007.jpg,https://www.oldi.ua/uploads/1708022572.jpg
food-0008,Майола Екстра Олія РВД 1 л АК,food-0008.jpg,https://images.silpo.ua/v2/products/744x744/webp/99ffd59f-11c7-45ce-9d69-b0cdcec32e56.png
food-0009,Майола Екстра Олія РВД 2 л АК,food-0009.jpg,https://images.silpo.ua/v2/products/744x744/webp/99ffd59f-11c7-45ce-9d69-b0cdcec32e56.png
food-0010,Майола Екстра Олія РВД 5 л АК,food-0010.jpg,https://images.silpo.ua/v2/products/1000x1000/webp/99ffd59f-11c7-45ce-9d69-b0cdcec32e56.png
food-0011,Оліяр Олія Master Fry РВД 5 л АК,food-0011.jpg,https://himopt-1caea.kxcdn.com/image/cache/catalog/products/1111111/oliyar-5l-700x700.png
food-0012,Оліяр Олія РВД 1 л АК,food-0012.jpg,https://content.rozetka.com.ua/goods/images/big/234531457.jpg
food-0013,Оліяр Олія РВД 2 л АК,food-0013.jpg,https://promin.agrobiz.net/image-cache/?fi=44&wt=0&f=static-files%2Fimg%2Fgoods%2Fda%2Fc0%2Fmayola-rafinovana-oliya-2-l-3231-1568644.png
food-0014,Оліяр Олія РВД 5 л АК,food-0014.jpg,https://himopt-1caea.kxcdn.com/image/cache/catalog/products/1111111/oliyar-5l-700x700.png
food-0015,БПГ орошок Консервований М/б 420 г,food-0015.jpg,https://cdn.27.ua/sc--media--prod/default/ed/78/90/ed7890f1-ece8-462d-bca3-6aa36656da19.jpg
food-0016,БПК укурудза Цукрова В/у М/б 340 г,food-0016.jpg,https://varus.ua/img/carousel/1140/1140/2612856/0?t=1744122754
food-0017,ID В'ялені помідори в олії 1 кг с/б,food-0017.jpg,https://images.prom.ua/6049688814_w640_h640_vyalenye-pomidory-v.jpg
food-0018,ID Дольки артишоку натуральні ж/б 3000 г,food-0018.jpg,https://kolosalno.ua/image/cache/catalog/prom/6603086916_artishoki-konservirovannye-390-200x200.png
food-0019,ID М'якоть помідора в томатному соку ж/б 2500 г,food-0019.jpg,https://images.prom.ua/4108799709_w640_h640_tomaty-ochischennye-v.jpg
food-0020,ID М'якоть помідора в томатному соку ж/б 400 г,food-0020.jpg,https://kuldim.com/wa-data/public/shop/products/94/92/119294/images/59101/59101.750x0.jpg
food-0021,ID Цілі помідори б/з шкірки в томатномусоку ж/б 2500 г,food-0021.jpg,https://plyashka.com/wp-content/uploads/2024/08/57867532537.jpg
food-0022,ID Цілі помідори б/з шкірки в томатномусоку ж/б 400 г,food-0022.jpg,https://hmarka.ua/media/thumbs/products/26198_w.jpg
food-0023,HELCOM Ананас Шматочками 3100 мл.,food-0023.jpg,https://content.rozetka.com.ua/goods/images/big/18058794.jpg
food-0024,HELCOM Каперси в Маринаді 650 г,food-0024.jpg,https://lvivimport.com/assets/uploads/wpallimport/files/images_backup/00-00002584-1.jpeg
food-0025,"HELCOM Оливки Зелені Без Кісточки Ж/Б 4, 15 кг",food-0025.jpg,https://images.prom.ua/6571868218_w640_h640_olivki-helcom-zelyonye.jpg
food-0026,"HELCOM Помідори Цілі Ж/Б 2, 5 кг",food-0026.jpg,https://lvivimport.com/assets/uploads/wpallimport/files/images_backup/00-00001629-1.jpeg
food-0027,Iberica Маслини Econ Б/К 280 г/12 шт,food-0027.jpg,https://kozub.com.ua/image/cache/catalog/Products-NEW/922465-1200x1654.jpg
food-0028,Iberica Маслини Mini Б/К 300 г/12 шт,food-0028.jpg,https://varus.ua/img/product/1140/1140/128143?t=1607356347
food-0029,Iberica Маслини Б/К 420 г/12 шт,food-0029.jpg,https://kozub.com.ua/image/cache/catalog/Products-NEW/926806-1200x1654.jpg
food-0030,Iberica Оливки Б/К 300 г/12 шт,food-0030.jpg,https://images.silpo.ua/v2/products/744x744/webp/3081b26e-cf26-437a-9db9-c9a142c993e5.png
food-0031,"Iberica Олія Оливкова Рафін 0, 25 л/12 шт",food-0031.jpg,https://kozub.com.ua/image/cache/catalog/Products-NEW/924805-1200x1654.jpg
food-0032,АКВАБ ички Обсмажені Т/С 230 г,food-0032.jpg,https://producto.com.ua/image/cache/catalog/%D0%90%D0%BA%D0%B2%D0%B0%D0%BC%D0%B0%D1%80%D0%B8%D0%BD/9232ad0e-8a23-11e6-810f-0cc47a3290c5-1000x1000.png
food-0033,АКВАК iлька Нероз.Т/С 230 г СНП,food-0033.jpg,https://image.maudau.com.ua/webp/size/xl/products/10/ac/55/10ac55d5-637a-45f3-88e6-8d3195ea8a99.jpg
food-0034,АКВАЛ осось Шматочками 230 г × 36,food-0034.jpg,https://rodynna-schedrist.com/content/images/31/850x850l80mc0/48130793899521.jpg
food-0035,АКВАП ечінка Трiски 115 г × 12 × × ×,food-0035.jpg,https://content1.rozetka.com.ua/goods/images/big/325121442.jpg
food-0036,АКВАС ардина Бланшована Д/О 230 г × 36,food-0036.jpg,https://aquamarket.ua/61389-home_default/product.jpg
food-0037,АКВАС ардина Натуральна Д/О 230 г НП,food-0037.jpg,https://ideal.od.ua/content/images/40/800x800l80mc0/48261089559683.jpg
food-0038,АКВАТ унець Філе В/О 185 г,food-0038.jpg,https://aquamarket.ua/8160-large_default/akvamarin-185g-tunec-file-u-vlasnomu-soku.jpg
food-0039,PJ Макаронні вироби Вермішель№7 500 г,food-0039.jpg,https://image.maudau.com.ua/size/origin/products/ea/4a/74/ea4a7484-2334-487a-9fd0-2c5fb0608843.jpg
food-0040,PJ Макаронні вироби Ньоккі(мушля) 500 г,food-0040.jpg,https://image.maudau.com.ua/webp/size/xl/products/c4/0e/d5/c40ed56e6d7029f6cb9d5ad61cc6a7da.png
food-0041,PJ Макаронні вироби Пенне Pігате(пера) 500 г,food-0041.jpg,https://image.maudau.com.ua/webp/size/lg/products/de/c7/5b/dec75bc0-fb6f-445e-a679-21498dbb1ca6.jpg
food-0042,PJ Макаронні вироби Спагеті№5 500 г,food-0042.jpg,https://image.maudau.com.ua/webp/size/xl/products/bb/a1/56/bba1568606f9d9a0193f1bd0b8fa26ec.jpg
food-0043,PJ Макаронні вироби Спагетіні№3 500 г,food-0043.jpg,https://varus.ua/img/product/1140/1140/134957
food-0044,PJ Макаронні вироби Тортільйоні(трубочки хвилясті) 500 г,food-0044.jpg,https://www.svitassorti.com.ua/files/resized/products/bez-nazvi-113.700x800.webp
food-0045,PJ Макаронні вироби Тривеліне(спіралі) 500 г,food-0045.jpg,https://varus.ua/img/product/1140/1140/2566935
food-0046,Cantare Макарони Вермічеллі 400 г,food-0046.jpg,https://cdn.27.ua/799/a5/a3/6596003_2.jpeg
food-0047,Cantare Макарони Пенне Рігате 400 г,food-0047.jpg,https://varus.ua/img/product/670/670/2619428
food-0048,Cantare Макарони Спагеті 400 г × 20,food-0048.jpg,https://image.maudau.com.ua/webp/size/lg/products/99/59/8f/99598f0ea390a071777500f7064728da.jpg
food-0049,Cantare Макарони Фузілі 400 г,food-0049.jpg,https://cdn.27.ua/original/a5/ab/6596011_2.jpeg
food-0050,Cantare Макарони Челентані 400 г,food-0050.jpg,https://prodbaza-opt.ua/image/catalog/product September/makaroni-cantare-chelentani-400-g.jpg
food-0051,Тая Вермішель Довга 15 кг,food-0051.jpg,https://cdn.27.ua/original/32/5c/1520220_4.jpeg
food-0052,Тая Спагеті 16 кг,food-0052.jpg,https://icf.listex.info/med/659dcd90-60bf-e787-7d40-bae83903c86c.jpg
food-0053,Тая Спагетіні 15 кг,food-0053.jpg,https://images.prom.ua/3914388666_w640_h640_vermishel-tm-taya.jpg
food-0054,Тая Вермішель Павутинка 1 кг,food-0054.jpg,https://images.prom.ua/3914388666_w640_h640_vermishel-tm-taya.jpg
food-0055,Тая Завитки 1 кг × 7,food-0055.jpg,https://prodbaza-opt.ua/image/catalog/product September/makaroni-taya-zavitki-1-kg.jpg
food-0056,Тая Перо 1 кг × 7,food-0056.jpg,https://varus.ua/img/product/1140/1140/2626316
food-0057,Тая Ріжки 1 кг × 10,food-0057.jpg,https://varus.ua/img/product/1140/1140/2621050
food-0058,Тая Спагеті Довгі 450 г × 20,food-0058.jpg,https://src.zakaz.atbmarket.com/cache/photos/27941/catalog_product_gal_mob_27941.jpg
food-0059,Тая Спіральки 1 кг × 7,food-0059.jpg,https://prodbaza-opt.ua/image/catalog/product September/makaroni-taya-spiralki-1-kg.jpg
food-0060,Тая Черепашечки 1 кг × 10,food-0060.jpg,https://prodbaza-opt.ua/image/catalog/product September/makaroni-taya-cherepashki-1-kg.jpg
food-0061,Львівські Дріжджі Сухі 100 г × 30 шт,food-0061.jpg,https://do-smaku.com.ua/wp-content/uploads/drozhzhi-lvovskie-sukhie-2.jpg
food-0062,Львівські Дріжджі Сухі 12 г × 960,food-0062.jpg,https://svitpekaria.com.ua/content/images/3/1280x1280l80mc0/95226331162544.png
food-0063,Львівські Дріжджі Сухі Extra 500 г,food-0063.jpg,https://content1.rozetka.com.ua/goods/images/big/234531540.jpg
food-0064,Пластівці Дріжджові Морква Flakes 80 г.,food-0064.jpg,https://flakes.ua/image/catalog/kartky_tovariv/IMG_0616.JPG
food-0065,Пластівці Дріжджові Сир Горіх Flakes 250 г.,food-0065.jpg,https://flakes.ua/image/cache/catalog/17379871917111-520x520.jpg
food-0066,Hokkaido IPPONК ласичний Соус 20 л Bagin Box,food-0066.jpg,https://images.silpo.ua/products/1600x1600/b4a61df9-eb86-4ebc-8130-7c0c63c201bc.png
food-0067,Hokkaido Класичний Соус 20 л Bagin Box,food-0067.jpg,https://images.silpo.ua/v2/products/744x744/webp/b4a61df9-eb86-4ebc-8130-7c0c63c201bc.png
food-0068,Hokkaido Оцет рисовий 1000 мл.ПЕТ,food-0068.jpg,https://varus.ua/img/product/1140/1140/2635232
food-0069,"Hokkaido Соєвий Соус Класичний 1000 мл, ПЕТ",food-0069.jpg,https://images.prom.ua/4554492999_w640_h640_sous-soevyj-hokkaido.jpg
food-0070,"Hokkaido Соєвий Соус Класичний 3000 мл, ПЕТ",food-0070.jpg,https://images.prom.ua/4554492999_w640_h640_sous-soevyj-hokkaido.jpg
food-0071,"Hokkaido Соєвий Соус Класичний 500 мл, ПЕТ",food-0071.jpg,https://varus.ua/img/product/1140/1140/2635237?t=1699025077
food-0072,Hokkaido Соєвий Соус Преміум 1000 мл.ПЕТ,food-0072.jpg,https://image.maudau.com.ua/webp/size/xl/products/4f/11/50/4f1150109a9ccf3c9b189f2554f63b5c.jpg
food-0073,Hokkaido Соєвий Соус ТЕРІЯКІ 1000 мл.ПЕТ,food-0073.jpg,https://src.zakaz.atbmarket.com/cache/photos/48249/catalog_product_main_48249.jpg
food-0074,Hokkaido Соєвий Соус ТЕРІЯКІ 3000 мл.ПЕТ,food-0074.jpg,https://src.zakaz.atbmarket.com/cache/photos/48249/catalog_product_main_48249.jpg
food-0075,Hokkaido Соєвий Соус ТЕРІЯКІ 500 мл.ПЕТ,food-0075.jpg,https://content1.rozetka.com.ua/goods/images/big/497571025.jpg
food-0076,Hokkaido Соєвий Соус УНАГІ 1000 мл.ПЕТ,food-0076.jpg,https://varus.ua/img/product/1140/1140/2635231
food-0077,Hokkaido Соєвий Соус УНАГІ 500 мл.ПЕТ,food-0077.jpg,https://brain.com.ua/static/images/prod_img/4/5/U1049645_big_1748349236.jpg
food-0078,"Hokkaido Соус АДЖИКА 1000 мл, ПЕТ",food-0078.jpg,https://brain.com.ua/static/images/prod_img/2/9/U1049629_big_1748349228.jpg
food-0079,Hokkaido Соус БАЛЬЗАМІК 1000 мл.ПЕТ,food-0079.jpg,https://src.zakaz.atbmarket.com/cache/photos/52765/catalog_product_main_52765.jpg
food-0080,Hokkaido Соус БАРБЕКЮ 1000 мл.ПЕТ,food-0080.jpg,https://varus.ua/img/product/1140/1140/2635239
food-0081,"Hokkaido Соус Блек пепер 1000 мл, ПЕТ",food-0081.jpg,https://image.maudau.com.ua/webp/size/xl/products/d9/37/ce/d937ce165bb9f2b4bff02c7fb02fd6ab.jpg
food-0082,"Hokkaido Соус Горіховий 1000 мл, ПЕТ",food-0082.jpg,https://kramar-shop.com/wp-content/uploads/2026/05/0f2cc229-0f24-8cfd-6b1e-731d016c486f.jpg
food-0083,"Hokkaido Соус Горіховий 500 мл, ПЕТ",food-0083.jpg,https://varus.ua/img/product/1140/1140/2617348
food-0084,"Hokkaido Соус ЖУРАВЛИНИЙ 1000 мл, ПЕТ",food-0084.jpg,https://varus.ua/img/product/1140/1140/2636843
food-0085,Hokkaido Соус КИСЛО-СОЛОДКИЙ 1000 мл.ПЕТ,food-0085.jpg,https://image.maudau.com.ua/webp/size/xl/products/c4/dd/6e/c4dd6e330fd7930a55e784377bb4f340.jpg
food-0086,Hokkaido Соус КИСЛО-СОЛОДКИЙ 3000 мл.ПЕТ,food-0086.jpg,https://image.maudau.com.ua/webp/size/xl/products/c4/dd/6e/c4dd6e330fd7930a55e784377bb4f340.jpg
food-0087,Hokkaido Соус КІМ-ЧІ 1000 мл.ПЕТ,food-0087.jpg,https://images.prom.ua/6684575419_w400_h400_aktsiya-sous-hokkaido.jpg
food-0088,"Hokkaido Соус Кунжутний 1000 мл, ПЕТ",food-0088.jpg,https://content.rozetka.com.ua/goods/images/big/509772131.jpg
food-0089,"Hokkaido Соус Манго ЧИЛІ 1000 мл, ПЕТ",food-0089.jpg,https://varus.ua/img/product/1140/1140/2614814?t=1617282529
food-0090,"Hokkaido Соус МІРІН 1000 мл, ПЕТ",food-0090.jpg,https://image.maudau.com.ua/webp/size/lg/products/f8/16/76/f816765ca4e2e7265d144b50f213c451.jpg
food-0091,"Hokkaido Соус НАРШАРАБ 1000 мл, ПЕТ",food-0091.jpg,https://varus.ua/img/product/1140/1140/2636845
food-0092,"Hokkaido Соус НАРШАРАБ 3000 мл, ПЕТ",food-0092.jpg,https://varus.ua/img/product/1140/1140/2636845
food-0093,"Hokkaido Соус НАРШАРАБ гранатовий 500 мл, ПЕТ",food-0093.jpg,https://varus.ua/img/product/1140/1140/2636845
food-0094,"Hokkaido Соус САЦЕБЕЛІ 1000 мл, ПЕТ",food-0094.jpg,https://palaye.com.ua/wp-content/uploads/2025/03/saczebeli-2.png
food-0095,Hokkaido Соус СОЛОДКИЙ ЧИЛІ 1000 мл.ПЕТ,food-0095.jpg,https://varus.ua/img/product/1140/1140/2614809?t=1617282529
food-0096,Hokkaido Соус СОЛОДКИЙ ЧИЛІ 3000 мл.ПЕТ,food-0096.jpg,https://varus.ua/img/product/1140/1140/2614809?t=1617282529
food-0097,Hokkaido Соус СОЛОДКИЙ ЧИЛІ 500 мл.ПЕТ,food-0097.jpg,https://varus.ua/img/product/1140/1140/2614809?t=1617282529
food-0098,"Hokkaido Соус УСТРИЧНИЙ 1000 мл, ПЕТ",food-0098.jpg,https://cdn.27.ua/799/9e/d1/7642833_1.jpeg
food-0099,"Hokkaido Соус ХОЙСІН 1000 мл, ПЕТ",food-0099.jpg,https://image.maudau.com.ua/webp/size/xl/products/9e/2f/a2/9e2fa20b29e1ddeefa0cfdf0356fd75f.jpg
food-0100,Hokkaido Соус ШРІРАЧА 1000 мл.ПЕТ,food-0100.jpg,https://varus.ua/img/product/1140/1140/2617352
food-0101,Анрі Оцет Винний 6%850 г,food-0101.jpg,https://img3.zakaz.ua/ccdfd809654247849f584f558c82f58f/1781605041-s350x350.jpg
food-0102,Анрі Оцет Яблучний 6%850 г,food-0102.jpg,https://varus.ua/img/product/1140/1140/2580470
food-0103,Кама Оцет Столовий 9%1 л,food-0103.jpg,https://cdn.27.ua/sc--media--prod/default/00/81/af/0081afea-d935-41a0-aba3-a37fa26244bf.jpg
food-0104,Соєв Торч Кл 6 × 500 г№3,food-0104.jpg,https://image.maudau.com.ua/webp/size/xl/products/f7/ec/81/f7ec8180d19b72b3072b41b0cac613a7.jpg
food-0105,"ОТ Гірчиця ""Американська"" ТМ ""Profi Life"", ПЕТ 830 г",food-0105.jpg,https://www.tablycjakalorijnosti.com.ua/file/image/foodstuff/a7e72048636e4dadb2ecd08688a426a8/a5836a0f5f19417f983475af6ad46d66
food-0106,"ОТ Гірчиця ""Американська"" ТМ ""Profi Line"", короб 4 кг",food-0106.jpg,https://www.tablycjakalorijnosti.com.ua/file/image/foodstuff/a7e72048636e4dadb2ecd08688a426a8/a5836a0f5f19417f983475af6ad46d66
food-0107,ОТ Гірчиця Міцна Пет 830 г,food-0107.jpg,https://images.prom.ua/6166721785_w640_h640_gorchitsa-mitsna-830.jpg
food-0108,ОТ Гірчиця Французька 1000 г Відро,food-0108.jpg,https://amidfood.com.ua/image/cache/catalog/11.09/Photoroom_20250912_133934-700x500-product_thumb.jpeg
food-0109,ОТ Кетчуп Класичний Лайт 830 г,food-0109.jpg,https://cdn.27.ua/sc--media--prod/default/c0/a4/7a/c0a47aeb-f32c-4f64-8698-f7b503dc7e82.jpg
food-0110,ОТ Кетчуп Класичний ПЕТ 830 г,food-0110.jpg,https://foodfestival.com.ua/image/cache/catalog/000col/75857-1000x1000.jpg
food-0111,ОТ Кетчуп Класік 5 кг Відро,food-0111.jpg,https://foodfestival.com.ua/image/cache/catalog/000col/97728-1000x1000.png
food-0112,ОТ Кетчуп Класік Лайт 5 кг Відро,food-0112.jpg,https://foodfestival.com.ua/image/cache/catalog/000col/97728-1000x1000.png
food-0113,ОТ Кетчуп Шашличний лайт 5 кг Відро,food-0113.jpg,https://foodfestival.com.ua/image/cache/catalog/000col/ff01030-1000x1000.jpg
food-0114,"ОТ Майонезний Соус Реал 30%4, 9 кг Відро",food-0114.jpg,https://foodfestival.com.ua/image/cache/catalog/000col/97727-380x380.png
food-0115,"ОТ Майонез Преміум 67%4, 9 кг Відро",food-0115.jpg,https://food4you.com.ua/files/resized/products/screenshot_20.600x800.png
food-0116,ОТ Майонез Провансаль 67%Філ Пак 300 г,food-0116.jpg,https://images.prom.ua/6914341172_majonez-provansal-67.jpg
food-0117,"ОТ Соус ""Сирний"" ТМ ""Profi Life"", відро 4, 9 кг",food-0117.jpg,https://1ff.com.ua/wp-content/uploads/2024/10/aska1-sous-vidro-syrnyj-tm-askaniya-pak-5-kg1-1746215475.webp
food-0118,"ОТ Соус Барбекю 4, 9 кг Відро",food-0118.jpg,https://foodfestival.com.ua/image/cache/catalog/000col/97836-380x380.png
food-0119,ОТ Соус Сирний Пляшка 830 мл,food-0119.jpg,https://content2.rozetka.com.ua/goods/images/big/353104754.jpg
food-0120,"ОТ Томатна Паста 0, 48 кг",food-0120.jpg,https://images.prom.ua/7067083775_w640_h640_pasta-tomatnaya-25.jpg
food-0121,ОТ Томатна Паста 5 кг Відро,food-0121.jpg,https://content.rozetka.com.ua/goods/images/big/410846076.jpg
food-0122,Heinz L&P Вустерський cоус 2 л,food-0122.jpg,https://content.rozetka.com.ua/goods/images/big/163285546.jpg
food-0123,Heinz кетчуп томатний в пласт пляшці 1000 г/875 мл,food-0123.jpg,https://cdn.27.ua/799/cf/1c/1756956_1.jpeg
food-0124,"Heinz соус Барбекю 2, 15 л",food-0124.jpg,https://fermergreen.com.ua/storage/71/7452/lg_0bc60578ecea58ec688259a086dd39ff.jpg
food-0125,Heinz Соус Барбекю ПЕТ 400 мл,food-0125.jpg,https://kolbasa.in.ua/image/cache/import_files/ba/bab5e95d-8186-11eb-bb04-70106f513ed1_watermark-550x550w.jpeg
food-0126,"Heinz соус Бургер Реліш 2, 15 л",food-0126.jpg,https://content2.rozetka.com.ua/goods/images/big/564069443.jpg
food-0127,Heinz Соус МАЙОКЕТЧУП 415 мл,food-0127.jpg,https://varus.ua/img/product/1140/1140/2648202?t=1752441632
food-0128,Heinz Соус Фрітес 400 мл,food-0128.jpg,https://vizok.market/content/images/46/493x703l80mc0/27241375840715.jpg
food-0129,Heinz Соус Часниковий ПЕТ 400 мл,food-0129.jpg,https://content2.rozetka.com.ua/goods/images/big/363120976.jpg
food-0130,Гірчиц Проф 3.3 кг,food-0130.jpg,https://cdn.27.ua/799/8d/b2/2854322_1.jpeg
food-0131,Грчц Амер Проф 20 x 500,food-0131.jpg,https://cdn.27.ua/sc--media--prod/default/1a/aa/70/1aaa70fe-d008-4dbc-bb29-b07242e0dba1.jpg
food-0132,Грчц Діжонська 20 x 500,food-0132.jpg,https://content1.rozetka.com.ua/goods/images/big/366507250.jpg
food-0133,Грчц Міцна 20 x 500,food-0133.jpg,https://cdn.27.ua/sc--media--prod/default/2f/ec/5f/2fec5f2a-d513-4c6a-802c-019befe5bc75.jpg
food-0134,Гірч Америк 18 × 230 г№2,food-0134.jpg,https://images.prom.ua/5378241620_w640_h640_gorchitsa-torchin-amerikanskaya.jpg
food-0135,Гірч Америк 24 × 130 г№4,food-0135.jpg,https://varus.ua/img/product/1140/1140/2641178
food-0136,Гірч Діжон 18 × 230 г№1,food-0136.jpg,https://content1.rozetka.com.ua/goods/images/original/328765486.jpg
food-0137,Гірч Діжон 24 × 130 г№2,food-0137.jpg,https://office-better.com/content/images/43/1024x1024l80mc0/productdijon_torchyn_mustard_130g-99232673549730.jpg
food-0138,Гірчиц Коза 48 × 130 г№4,food-0138.jpg,https://varus.ua/img/product/1140/1140/227131
food-0139,Гірчиця Міц 48 × 130 г№5,food-0139.jpg,https://images.avrora.ua/images/thumbnails/586/461/detailed/77/99984.jpg
food-0140,Запр Буряк Том 33 × 220 г,food-0140.jpg,https://varus.ua/img/product/1140/1140/2638841
food-0141,Кетч Лагід Проф 9 x 1000 г,food-0141.jpg,https://content1.rozetka.com.ua/goods/images/big/246066207.jpg
food-0142,Кетчуп Проф 3 л,food-0142.jpg,https://content1.rozetka.com.ua/goods/images/original/246066200.jpg
food-0143,Кетч Лагід 16 × 520 г,food-0143.jpg,https://image.maudau.com.ua/size/origin/products/1b/e8/76/1be876df-1023-4b6e-a1e9-13229ac333b4
food-0144,Кетч Лагід 25 × 380 г№1,food-0144.jpg,https://image.maudau.com.ua/size/origin/products/9f/3f/db/9f3fdb7f-38f8-40f8-8d6f-3ece5c19706b
food-0145,Кетч Лагід 40 × 250 г,food-0145.jpg,https://varus.ua/img/carousel/1140/1140/2635671/0?t=1682011437
food-0146,Кетч Папр 40 × 250 г,food-0146.jpg,https://varus.ua/img/product/1140/1140/2635676
food-0147,Кетч Теріякі 46 x 200 г,food-0147.jpg,https://src.zakaz.atbmarket.com/cache/photos/105017/catalog_product_gal_mob_105017.jpg
food-0148,Кетч Часн 40 × 250 г,food-0148.jpg,https://office-better.com/content/images/29/1600x1600l80mc0/productketchup_torchin_with_garlic_250g-64224469425795.jpg
food-0149,Кетч Чілі 25 × 380 г,food-0149.jpg,https://varus.ua/img/product/1140/1140/2635678
food-0150,Кетч Чілі 40 × 250 г,food-0150.jpg,https://cdn.27.ua/sc--media--prod/default/a9/c9/6a/a9c96aab-8915-447b-ac6d-baca7e9ab365.jpg
food-0151,Кетч Шаш 16 × 520 г,food-0151.jpg,https://image.maudau.com.ua/webp/size/xl/products/9d/f6/08/9df608f7c603865ed0cdb41af2f24411.jpg
food-0152,Кетч Шаш 25 × 380 г,food-0152.jpg,https://image.maudau.com.ua/size/origin/products/35/40/d7/3540d7a5-ade9-4a6c-947f-e751da88059b.jpg
food-0153,Кетч Шаш 40 × 250 г,food-0153.jpg,https://photo.maudau.com.ua/Landing/Torchyn_Do_shashlyku/4.webp
food-0154,Кетч Шрірача 46 x 200 г,food-0154.jpg,https://varus.ua/img/carousel/1140/1140/2653049/0?t=1747311582
food-0155,Май Домаш 17 × 520 г,food-0155.jpg,https://office-better.com/content/images/10/1600x1600l80mc0/productmayonnaise-torchyn-home-50-520-g-53747174142417.jpg
food-0156,Май Домаш 30 × 300 г№3,food-0156.jpg,https://varus.ua/img/carousel/1140/1140/352268/0
food-0157,Май Домаш 48 × 150 г,food-0157.jpg,https://ideal.od.ua/content/images/19/800x800l80mc0/66486679114027.jpeg
food-0158,Май Європей 17 × 520 г,food-0158.jpg,https://content.rozetka.com.ua/goods/images/big/379734429.jpg
food-0159,Май Європей 30 × 300 г№3,food-0159.jpg,https://image.maudau.com.ua/size/origin/products/a5/c4/d7/a5c4d70d-9402-4f6c-bad8-a3550a4c1145.jpg
food-0160,Май Європей 48 × 150 г,food-0160.jpg,https://image.maudau.com.ua/webp/size/lg/products/4a/95/51/4a95515c-a643-4ac3-89fe-aae622c22a35.jpg
food-0161,Соус Май Дел 17 × 520 г,food-0161.jpg,https://src.zakaz.atbmarket.com/cache/photos/30599/catalog_product_gal_big_30599.jpg
food-0162,Соус Май Дел 30 × 300 г№3,food-0162.jpg,https://office-better.com/content/images/9/1600x1600l80mc0/productmayonnaise-sauce-torchyn-delicate-300-g-34293364536183.jpg
food-0163,Соус Май Дел 48 × 150 г,food-0163.jpg,https://image.maudau.com.ua/webp/size/lg/products/a0/e4/4f/a0e44ff2-489c-4cdb-8759-c0bd37bd912c.jpg
food-0164,Пр 10 Овоч 7 × 250 г,food-0164.jpg,https://photo.maudau.com.ua/Landing/Torchyn_10_ovochiv/1.webp
food-0165,Пр 10 Овочів 8 × 170№2,food-0165.jpg,https://images.prom.ua/6850460888_w640_h640_priprava-torchin-10.jpg
food-0166,Май Домаш 9 × 900 г,food-0166.jpg,https://content1.rozetka.com.ua/goods/images/big/428999859.jpg
food-0167,Соус Барбек Проф 3.4 кг,food-0167.jpg,https://content.rozetka.com.ua/goods/images/big/366494811.jpg
food-0168,Соус Барбек Проф 9 × 1000 г,food-0168.jpg,https://vova.ua/wp-content/uploads/2020/12/rd010141-sous-barbekyu-professionalnyj-tm-torchin-34kg.webp
food-0169,Соус Бургер 9 × 950 г№1,food-0169.jpg,https://safaritrade.com.ua/wp-content/uploads/2020/09/000000754.jpg
food-0170,Соус Тартар 9 × 950 г,food-0170.jpg,https://content.rozetka.com.ua/goods/images/original/366517493.jpg
food-0171,Соус Аджика 33 × 180 г№1,food-0171.jpg,https://aquamarket.ua/57723-thickbox_default/torchin-sous-adzhika-180-g.jpg
food-0172,Соус Барбек 30 × 200 г№2,food-0172.jpg,https://varus.ua/img/product/1140/1140/2578366
food-0173,Соус Бургер 30 × 200 г№3,food-0173.jpg,https://image.maudau.com.ua/webp/size/xl/products/60/b9/3c/60b93c22-9c84-4453-b7e3-99c8b375ab9f.jpg
food-0174,Соус Грибн 30 × 200 г№4,food-0174.jpg,https://eproduct.com.ua/image/cache/import_files/02/021e6b6ff2f611edb13420cf30d98644_e81e05920bb811f096ee2a206f030bdc-500x450.jpg
food-0175,Соус Кисло-Солодкий 30 × 200 г,food-0175.jpg,https://images.avrora.ua/images/detailed/100/108012.jpg
food-0176,Соус Мехік 30 × 200 г№2,food-0176.jpg,https://varus.ua/img/product/1140/1140/221393
food-0177,Соус Папрік 30 × 200 г№4,food-0177.jpg,https://varus.ua/img/product/1140/1140/186091
food-0178,Соус Сацеб 30 × 200 г№2,food-0178.jpg,https://varus.ua/img/carousel/1140/1140/225497/0?t=1721429294
food-0179,Соус Сирний 30 × 200 г№2,food-0179.jpg,https://varus.ua/img/carousel/1140/1140/2597572/1?t=1747266519
food-0180,Соус Солод Чілі 30 × 200 г№1,food-0180.jpg,https://image.maudau.com.ua/webp/size/xl/products/65/56/30/655630eb-70d4-4eeb-b6e7-66a3b1c8af55.jpg
food-0181,Соус Тартар 30 × 200 г№4,food-0181.jpg,https://photo.maudau.com.ua/Landing/Torchyn_Tartar/1.webp
food-0182,Соус Том Овоч 33 × 200 г,food-0182.jpg,https://varus.ua/img/product/1140/1140/2616643
food-0183,Соус Фр Гірч 30 × 200 г№3,food-0183.jpg,https://images.prom.ua/4436238594_w640_h640_torchin-sous-frantsuzskgorchitsa.jpg
food-0184,Соус Часник 30 × 200 г№4,food-0184.jpg,https://office-better.com/content/images/31/1600x1600l80mc0/sous-torchyn-chasnykovyi-200-h-91442633363649.jpg
food-0185,Соус Чізбургер 30 × 200 г,food-0185.jpg,https://image.maudau.com.ua/webp/size/lg/products/ca/88/90/ca88906f0b429ae424eb42682b9470eb.jpg
food-0186,Соус Чілі 30 × 200 г№2,food-0186.jpg,https://varus.ua/img/carousel/1140/1140/348987/0?t=1774910827
food-0187,Соус Шаурма 30 × 200 г№2,food-0187.jpg,https://content.rozetka.com.ua/goods/images/big/328765536.jpg
food-0188,Соус Шрірача 30 × 200 г,food-0188.jpg,https://images.avrora.ua/images/detailed/100/108014_2.jpg
food-0189,Руна Соус Сацебелі 485 г,food-0189.jpg,https://varus.ua/img/carousel/1140/1140/2648188/0?t=1772057024
food-0190,Руна Соус Український Фірмовий 485 г,food-0190.jpg,https://producto.com.ua/image/cache/catalog/Руна/71bf4559-c01d-11ee-8d9d-005056a16dc3-1000x1000.png
food-0191,"Деко Лавровий Лист Цілий 0, 1 кг/5 шт",food-0191.jpg,https://images.prom.ua/5825603300_w640_h640_lavrovij-list-tsilij.jpg
food-0192,Деко Перець Чорний Мелений 1 кг/4 шт,food-0192.jpg,https://lubystok.shop/uploads/images/products/big/image_ac7238c9-49c4-11ef-bcd1-000c290a2860.jpg
food-0193,Деко Пр Універсальна 12 ов і тр гран 1 кг × 4 шт,food-0193.jpg,https://content2.rozetka.com.ua/goods/images/big/281109178.jpg
food-0194,Деко Смакова Приправа Грибна 1 кг/4 шт,food-0194.jpg,https://content2.rozetka.com.ua/goods/images/big/626482639.jpg
food-0195,Л Базилік 500 г/3 шт,food-0195.jpg,https://images.prom.ua/4261574406_w640_h640_priprava-bazilik-lyubistok.jpg
food-0196,Л Духмяний Горошок Пекельний Перець 1 кг/4 шт,food-0196.jpg,https://lubystok.shop/uploads/images/products/original/image_dd6d6fa2-c5d1-11ea-8224-002590ebb0db.jpg
food-0197,Л Кориця Паличка 250 г/4 шт,food-0197.jpg,https://images.prom.ua/4261594828_w640_h640_koritsya-palichka-lyubistok.jpg
food-0198,"Л Коріандр мелений Любисток 0, 5 кг/4 шт",food-0198.jpg,https://vizok.market/content/images/41/843x778l80mc0/47155040672790.jpeg
food-0199,Л Кунжут Цілий 500 г/8 шт,food-0199.jpg,https://lubystok.shop/uploads/images/products/original/image_9443f348-aa58-11ea-8201-002590ebb0db.jpg
food-0200,Л Куркума Мелена 1 кг/4 шт,food-0200.jpg,https://vizok.market/content/images/46/785x785l80mc0/90088138994637.jpeg
food-0201,Л Лимонна кислота 1 кг/4 шт,food-0201.jpg,https://images.prom.ua/4737317260_w640_h640_limonnaya-kislota-.jpg
food-0202,Л Орегано 500 г/4 шт,food-0202.jpg,https://content2.rozetka.com.ua/goods/images/big/275758671.jpg
food-0203,Л Паприка Черв Мел ASTA-140 Пек Перець 500 г/8 шт,food-0203.jpg,https://lubystok.shop/uploads/images/products/original/image_99e7e5b0-0de0-11ef-bcbe-000c290a2860.jpg
food-0204,Л Паприка Черв Шматочками 3 × 3 0.5 кг/4 шт,food-0204.jpg,https://lubystok.shop/uploads/images/products/original/image_f185f2cb-0de0-11ef-bcbe-000c290a2860.jpg
food-0205,Л Перець Червоний Мелений(паприка з ароматом диму)1 кг/4 шт,food-0205.jpg,https://images.silpo.ua/products/1600x1600/a4eb6624-5da9-412d-8c23-40ecf50ba582.png
food-0206,"Л Перець Чорний горошок""Пекельний перець""1 кг/4 шт",food-0206.jpg,https://cdn.27.ua/original/65/af/419247_4.jpeg
food-0207,Л Приправа до плову (без солі)1 кг/4 шт,food-0207.jpg,https://media.fozzyshop.ua/sku/616717/product/e1143dd2-186d-0bf2-b105-127fa212e7d8.webp
food-0208,"Л Приправа до сала ""Панська"" 1 кг/4 шт",food-0208.jpg,https://lubystok.shop/uploads/images/products/original/image_642ea6c5-ea0e-11ef-bce1-000c290a2860.jpg
food-0209,Л Приправа Вірменська 5 кг,food-0209.jpg,https://images.prom.ua/5698582711_w640_h640_priprava-dlya-shashlyka.jpg
food-0210,Л Приправа Гриль 1 кг/4 шт,food-0210.jpg,https://cdn.27.ua/original/52/75/1725045_1.jpeg
food-0211,Л Приправа До Картоплі 1 кг/4 шт,food-0211.jpg,https://images.prom.ua/4262197380_w640_h640_priprava-lyubistok-do.jpg
food-0212,Л Приправа До Курки 500 г/10 шт,food-0212.jpg,https://do-smaku.com.ua/wp-content/uploads/pryprava-z-zip-zastibkoyu-do-kurky-lyubystok-500g-large.jpg
food-0213,Л Приправа До Морква Корейська 500 г/10 шт,food-0213.jpg,https://do-smaku.com.ua/wp-content/uploads/pryprava-z-zip-zastibkoyu-do-morkvy-po-korejsky-lyubystok-500g-large.jpg
food-0214,Л Приправа До Риби 1 кг/4 шт,food-0214.jpg,https://images.prom.ua/3635317805_w640_h640_priprava-do-ribi.jpg
food-0215,Л Приправа До Шашлику 1 кг/4 шт,food-0215.jpg,https://cdn.27.ua/799/66/52/419410_2.jpeg
food-0216,Л Приправа Карі 500 г/10 шт,food-0216.jpg,https://do-smaku.com.ua/wp-content/uploads/pryprava-z-zip-zastibkoyu-kari-lyubystok-500g-600x600.jpg
food-0217,Л Приправа Хмелі Сунелі 500 г/6 шт,food-0217.jpg,https://cdn.27.ua/original/66/06/419334_2.jpeg
food-0218,"Л Суміш 5 перців горошок ""Пекельний перець"" 500 г/4 шт",food-0218.jpg,https://lubystok.shop/uploads/images/products/original/image_b49b764f-0dde-11ef-bcbe-000c290a2860.jpg
food-0219,"Л Суміш трав""Італійська""0, 5 кг/4 шт",food-0219.jpg,https://media.fozzyshop.ua/sku/656305/product/39b7cbe1-3a36-5e07-1aef-124531bf320c.webp
food-0220,"Л Суміш трав""Прованська""0, 5 кг/4 шт",food-0220.jpg,https://media.fozzyshop.ua/sku/723650/product/bf226a76-73c2-90e6-b479-0c70f7671f5a.webp
food-0221,Л Сухарі Панірувальні 1 кг/4 шт,food-0221.jpg,https://vygidnacina.com.ua/storage/source/product/1/QgtAQDeawT9macVi_5NcOeK-hDCzdcNv.jpg
food-0222,Л Часник Сушений гранул 8 × 16 1 кг/4 шт,food-0222.jpg,https://images.silpo.ua/v2/products/744x744/webp/b0d8babb-a0e2-4917-9ec2-41b0034ba660.png
food-0223,Л Червоний Мел Чилі Пекельний Перець 1 кг/4 шт,food-0223.jpg,https://lubystok.shop/uploads/images/products/original/image_53900bfc-02f6-11ef-bcac-000c290a2860.jpg
food-0224,Vega Milk Напій Вівсяний ЗБ ананом 0.95 л,food-0224.jpg,https://src.zakaz.atbmarket.com/cache/photos/65195/catalog_product_gal_big_65195.jpg
food-0225,Vega Milk Напій Рисово-Кокос 0.95 л,food-0225.jpg,https://image.maudau.com.ua/webp/size/lg/products/d3/e2/19/d3e21993-f9d2-4637-8530-2b5f697629dd
food-0226,Vega Milk Напій Рисово-Мигдальний 0.95 л,food-0226.jpg,https://cdn.27.ua/799/95/ad/7050669_2.jpeg
food-0227,"Джафа Нектар Мультифруктовий 0, 95 л",food-0227.jpg,https://varus.ua/img/carousel/1140/1140/220887/0?t=1742568649
food-0228,"Джафа Нектар Ананасовий 0, 95 л",food-0228.jpg,https://office-better.com/content/images/9/600x800l80mc0/nektar-ananasovyi-jaffa-095-l-37290503814602.jpg
food-0229,"Джафа Нектар Апельс Грейпфр Стевія 0, 95 л",food-0229.jpg,https://cdn.27.ua/original/a6/2a/3974698_2.jpeg
food-0230,"Джафа Нектар Апельсиновий 0, 95 л",food-0230.jpg,https://content.rozetka.com.ua/goods/images/big/10761257.jpg
food-0231,"Джафа Нектар Банан Полуниця 0, 95 л",food-0231.jpg,https://varus.ua/img/carousel/1140/1140/220876/1?t=1742563208
food-0232,"Джафа Нектар Вишневий 0, 95 л",food-0232.jpg,https://content.rozetka.com.ua/goods/images/big/593890995.jpg
food-0233,"Джафа Нектар Гранатовий 0, 95 л",food-0233.jpg,https://office-better.com/content/images/12/1600x1600l80mc0/nektar-hranatovyi-jaffa-095-l-50357077240082.jpg
food-0234,"Джафа Нектар Манго Стевія 0, 95 л",food-0234.jpg,https://office-better.com/content/images/14/600x800l80mc0/nektar-manho-jaffa-z-ekstraktom-lystia-stevii-095-l-87485005733083.jpg
food-0235,"Джафа Сік Томатнийз Морськ Сiллю 0, 95 л",food-0235.jpg,https://office-better.com/content/images/15/600x800l80mc0/sik-tomatnyi-jaffa-z-morskoiu-silliu-095-l-62168712812245.jpg
food-0236,"Джафа Сік Яблучн 0, 95 л",food-0236.jpg,https://office-better.com/content/images/19/600x600l80mc0/sik-yabluchnyi-jaffa-priamoho-vidzhymu-095-l-16257200929237.jpg
food-0237,Джафа Нектар Мульт скло/б 0.25 л,food-0237.jpg,https://office-better.com/content/images/23/600x800l80mc0/nektar-multyfruktovyi-jaffa-u-skli-025-l-75285420907275.jpg
food-0238,Джафа Сік Апельсиновий скло/б 0.25 л,food-0238.jpg,https://office-better.com/content/images/24/600x600l80mc0/sik-apelsynovyi-jaffa-u-skli-025-l-96007754163606.jpg
food-0239,Джафа Сік Томат Зсіллю скло/б 0.25 л,food-0239.jpg,https://office-better.com/content/images/25/1600x1600l80mc0/sik-tomatnyi-jaffa-z-silliu-025-l-86392192281739.jpg
food-0240,Джафа Сік Яблуч.Освітл скло/б 0.25 л,food-0240.jpg,https://aquamarket.ua/17853-home_default/product.jpg
food-0241,Наш Сік Нектар Апельсиновий 0.95 л,food-0241.jpg,https://varus.ua/img/product/1140/1140/317792
food-0242,Наш Сік Нектар Вишневий 0.95 л,food-0242.jpg,https://cdn.27.ua/original/a6/56/3974742_2.jpeg
food-0243,Наш Сік Нектар Мультифруктовий 0.95 л,food-0243.jpg,https://cdn.27.ua/original/a6/58/3974744_2.jpeg
food-0244,Наш Сік Нектар Яблуко Виноград Білий 0.95 л,food-0244.jpg,https://office-better.com/content/images/8/1600x1600l80mc0/productnash_sik_apple_grape_1l-72172705309818.jpg
food-0245,Наш Сік Сік Мультивіт Мякоть 0.95 л,food-0245.jpg,https://images.prom.ua/5815430687_w640_h640_sik-nash-sik.jpg
food-0246,Наш Сік Сік Сливововий Мякоть 0.95 л,food-0246.jpg,https://icf.listex.info/med/d0a2aaab-2815-ba58-7266-394dcfd389c4.jpg
food-0247,Наш Сік Сік Томатний Сiллю 0.95 л,food-0247.jpg,https://image.maudau.com.ua/webp/size/xl/products/30/0c/6c/300c6caf7e71c6294cc10c55327cc315.jpg
food-0248,Наш Сік Сік Яблучний 0.95 л,food-0248.jpg,https://cdn.27.ua/799/a6/4c/3974732_2.jpeg
food-0249,Наш Сік Сік Яблучно Персиковий Мякоттю 0.95 л,food-0249.jpg,https://vizok.market/content/images/4/800x800l80mc0/38771445916879.jpeg
food-0250,Наш Сік Соковий Напій Гранатовий 0.95 л,food-0250.jpg,https://content.rozetka.com.ua/goods/images/original/329180220.jpg
food-0251,Наш Сік Нектар Вишневий Неосвітл 1.93 л,food-0251.jpg,https://image.maudau.com.ua/size/origin/products/7a/11/9b/7a119b3f-09a0-4964-becd-ccc66e851d75
food-0252,Наш Сік Нектар Яблуко Виноград Білий 1.93 л,food-0252.jpg,https://varus.ua/img/product/1140/1140/2624720?t=1642679922
food-0253,Наш Сік Нектар Яблучний Освітлений 1.93 л,food-0253.jpg,https://content1.rozetka.com.ua/goods/images/big/483319229.jpg
food-0254,Наш Сік Сік Мультивітамінний ЗМ як 1.93 л,food-0254.jpg,https://content1.rozetka.com.ua/goods/images/big/593893906.jpg
food-0255,Наш Сік Сік Томатний Сіль 1.93 л,food-0255.jpg,https://content1.rozetka.com.ua/goods/images/big/275955712.jpg
food-0256,Наш Сік Сік Яблуко Персиковий ЗМ якоттю 1.93 л,food-0256.jpg,https://img2.zakaz.ua/56e082c2e1d9467ca2265ccf567b862d/1712561200-s350x350.jpg
food-0257,Кофі Мейт 24 × 200 г№3,food-0257.jpg,https://images.prom.ua/7371507217_w640_h640_slivki-suhie-nestl.jpg
food-0258,GIFFARD Сироп Амарето 1 л,food-0258.jpg,https://cdn.27.ua/sc--media--prod/default/1f/82/fe/1f82fe98-2993-4d90-b94a-7cf0eca6cdcf.png
food-0259,GIFFARD Сироп Ананас 1 л,food-0259.jpg,https://litaly.com.ua/images/thumbnails/2080/2720/detailed/32/pineapple-syrup.jpg
food-0260,GIFFARD Сироп Базилік 1 л,food-0260.jpg,https://images.prom.ua/4035837694_w640_h640_sirop-giffard-babl.jpg
food-0261,GIFFARD Сироп Банан 1 л,food-0261.jpg,https://content.rozetka.com.ua/goods/images/big/601748328.jpg
food-0262,GIFFARD Сироп Бузина 1 л,food-0262.jpg,https://teakava.ua/files/products/8a903564-927b-11ee-91dd-a4c788d08d5b.1800x1200.jpeg
food-0263,GIFFARD Сироп Ваніль 1 л,food-0263.jpg,https://images.prom.ua/3762537179_w640_h640_sirop-giffard-vanil.jpg
food-0264,GIFFARD Сироп Вишня 1 л,food-0264.jpg,https://cdn.27.ua/sc--media--prod/default/4d/8d/30/4d8d3092-0812-4db8-855b-9392ad1370df.png
food-0265,GIFFARD Сироп Гренадін 1 л,food-0265.jpg,https://images.prom.ua/6839877738_w640_h640_6839877738.jpg
food-0266,GIFFARD Сироп Груша 1 л,food-0266.jpg,https://content.rozetka.com.ua/goods/images/big/597518443.jpg
food-0267,GIFFARD Сироп Зелене яблуко 1 л,food-0267.jpg,https://images.prom.ua/3891489758_w640_h640_sirop-zelenoe-yabloko.jpg
food-0268,GIFFARD Сироп Карамель 1 л,food-0268.jpg,https://teakava.ua/files/products/c2c95052-dd0c-11ed-91d6-fd14045b17ec.272x340.jpeg
food-0269,GIFFARD Сироп Кокос 1 л,food-0269.jpg,https://litaly.com.ua/images/thumbnails/2077/2716/detailed/58/coconut-syrup.jpg
food-0270,GIFFARD Сироп Крижана м'ята 1 л,food-0270.jpg,https://content1.rozetka.com.ua/goods/images/big/274173584.jpg
food-0271,GIFFARD Сироп Лаванда 1 л,food-0271.jpg,https://admin.newtea.ua/files/styles/product_card_webp/public/product/sirop_lavande_100_cl.png.webp
food-0272,GIFFARD Сироп Лісовий горіх 1 л,food-0272.jpg,https://www.giffard.com/343-home_default/hazelnut-syrup.jpg
food-0273,GIFFARD Сироп Лічі 1 л,food-0273.jpg,https://teakava.ua/files/products/c2c95070-dd0c-11ed-91d6-fd14045b17ec.272x340.jpeg
food-0274,GIFFARD Сироп Малина 1 л,food-0274.jpg,https://teakava.ua/files/products/00000007834.800x600.jpg
food-0275,GIFFARD Сироп Манго 1 л,food-0275.jpg,https://bartrigger.com.ua/content/images/23/1000x1000l80mc0/64793643862116.jpg
food-0276,GIFFARD Сироп Маракуйя 1 л,food-0276.jpg,https://bartrigger.com.ua/content/images/25/1000x1000l80mc0/60920460841633.jpg
food-0277,GIFFARD Сироп Мохіто 1 л,food-0277.jpg,https://content1.rozetka.com.ua/goods/images/big/274173589.jpg
food-0278,GIFFARD Сироп Оршад 1 л,food-0278.jpg,https://bartrigger.com.ua/content/images/43/1000x1000l80mc0/69170770679667.jpg
food-0279,GIFFARD Сироп Персик 1 л,food-0279.jpg,https://bartrigger.com.ua/content/images/3/600x600l80mc0/75318935265324.jpg
food-0280,GIFFARD Сироп Полуниця 1 л,food-0280.jpg,https://cdn.27.ua/sc--media--prod/default/2c/38/4f/2c384fc1-c1cc-4829-a7bb-cc85b9485772.png
food-0281,GIFFARD Сироп Рожевий грейпфрут 1 л,food-0281.jpg,https://savoroso.com.ph/wp-content/uploads/2020/09/Giffard-Syrup-Pink-Grapefruit.png
food-0282,GIFFARD Сироп Солона карамель 1 л,food-0282.jpg,https://bartrigger.com.ua/content/images/27/600x600l80mc0/71023951407416.jpg
food-0283,GIFFARD Сироп Шоколадне печиво 1 л,food-0283.jpg,https://vizok.market/content/images/47/470x712l80mc0/21030674599435.jpg
food-0284,GIFFARD Сироп Фісташка 1 л,food-0284.jpg,https://content1.rozetka.com.ua/goods/images/big/597518478.jpg
food-0285,"Джоні Тічер Амарето Сироп с/б 0, 9 кг",food-0285.jpg,https://images.prom.ua/3886319868_w640_h640_amaretto-sirop-09.jpg
food-0286,"Джоні Тічер Ананас Сироп с/б 0, 9 кг",food-0286.jpg,https://milkdiller.ua/image/catalog/1c/catalogimages/redblackananas.png
food-0287,"Джоні Тічер Апельсин Сироп с/б 0, 9 кг",food-0287.jpg,https://svitpekaria.com.ua/content/images/43/800x800l80mc0/syrop-delicia-apelsyn-13-kh-20003083335769.png
food-0288,"Джоні Тічер Апероль Сироп с/б 0, 9 кг",food-0288.jpg,https://images.prom.ua/3909449366_w640_h640_aperol-sirop-09.jpg
food-0289,"Джоні Тічер Бабл Гам Сироп с/б 0, 9 кг",food-0289.jpg,https://images.prom.ua/3886324862_w640_h640_babl-gam-sirop.jpg
food-0290,"Джоні Тічер Банан Сироп с/б 0, 9 кг",food-0290.jpg,https://bogatty.com.ua/wp-content/uploads/2025/05/banan-syrop-07-rb.jpg
food-0291,"Джоні Тічер Барбарис Сироп с/б 0, 9 кг",food-0291.jpg,https://milkdiller.ua/image/catalog/1c/catalogimages/syropbarbarys.png
food-0292,"Джоні Тічер Баунті Сироп с/б 0, 9 кг",food-0292.jpg,https://t-coffee.com.ua/image/cache/ec687bc4982700269daa801bf0e368bd.jpg
food-0293,"Джоні Тічер Бейліс Сироп с/б 0, 9 кг",food-0293.jpg,https://svitpekaria.com.ua/content/images/45/600x600l80mc0/syrop-delicia-beilis-13-kh-76499427916555.png
food-0294,"Джоні Тічер Білий шоколад Сироп с/б 0, 9 кг",food-0294.jpg,https://svitpekaria.com.ua/content/images/10/600x600l80mc0/syrop-delicia-bilyi-shokolad-13-kh-34227201743723.png
food-0295,"Джоні Тічер Блю кюрасао Сироп с/б 0, 9 кг",food-0295.jpg,https://svitpekaria.com.ua/content/images/45/1680x1120l80mc0/syrop-delicia-bliu-kiurasao-13-kh-18886588738587.png
food-0296,"Джоні Тічер Брауні Сироп с/б 0, 9 кг",food-0296.jpg,https://lubystok.shop/uploads/images/products/original/image_9d8fa03f-7800-11ee-bbfb-000c290a2860.jpg
food-0297,"Джоні Тічер Бузина Сироп с/б 0, 9 кг",food-0297.jpg,https://teakava.ua/files/products/00000007405.800x600.jpg
food-0298,"Джоні Тічер Ваніль Сироп с/б 0, 9 кг",food-0298.jpg,https://milkdiller.ua/image/catalog/1c/catalogimages/rbvanil.png
food-0299,"Джоні Тічер Вишня Сироп с/б 0, 9 кг",food-0299.jpg,https://cdn.27.ua/sc--media--prod/default/6f/0c/dd/6f0cdd94-6b59-4190-85b1-1a9e793ed9fe.jpg
food-0300,"Джоні Тічер Віскі Сироп с/б 0, 9 кг",food-0300.jpg,https://www.bonclassic.com/wp-content/uploads/2023/11/viski-scaled-e1710322933136-2048x1815.jpg
food-0301,"Джоні Тічер Гарбуз Сироп с/б 0, 9 кг",food-0301.jpg,https://magistr-coffee.com.ua/wp-content/uploads/2020/05/garbuz-e1683706426631.jpg
food-0302,"Джоні Тічер Гранат Сироп с/б 0, 9 кг",food-0302.jpg,https://coffeecups.kiev.ua/image/cache/catalog/suropy/051-surop-mr-yummy-1200x800.jpg
food-0303,"Джоні Тічер Грейпфрут Сироп с/б 0, 9 кг",food-0303.jpg,https://pearltea.ua/content/images/21/600x600l80mc0/productsirop-dlya-koktejliv-grejpfrut-pearltea-2-5-kg-96092172280281.jpg
food-0304,"Джоні Тічер Диня Сироп с/б 0, 9 кг",food-0304.jpg,https://images.prom.ua/4090692896_w640_h640_sirop-tm-baristoff.jpg
food-0305,"Джоні Тічер Зелений банан Сироп с/б 0, 9 кг",food-0305.jpg,https://images.prom.ua/4090794813_w640_h640_sirop-zelenij-banan.jpg
food-0306,"Джоні Тічер Імбир Сироп с/б 0, 9 кг",food-0306.jpg,https://bartrigger.com.ua/content/images/33/1000x1000l80mc0/83959626753073.jpg
food-0307,"Джоні Тічер Ірландський лікер Сироп с/б 0, 9 кг",food-0307.jpg,https://lubystok.shop/uploads/images/products/original/image_77a52223-cece-11ed-bb20-000c290a2860.jpg
food-0308,"Джоні Тічер Кава Сироп с/б 0, 9 кг",food-0308.jpg,https://images.prom.ua/3997980321_w640_h640_sirop-kava-07l.jpg
food-0309,"Джоні Тічер Кавун Сироп с/б 0, 9 кг",food-0309.jpg,https://images.prom.ua/4090809714_w640_h640_sirop-kavun-tm.jpg
food-0310,"Джоні Тічер Карамель Сироп с/б 0, 9 кг",food-0310.jpg,https://images.prom.ua/4090692112_w640_h640_sirop-tm-baristoff.jpg
food-0311,"Джоні Тічер Карибський ром Сироп с/б 0, 9 кг",food-0311.jpg,https://milkdiller.ua/image/catalog/1c/catalogimages/rbcaribirom.png
food-0312,"Джоні Тічер Клен Сироп с/б 0, 9 кг",food-0312.jpg,https://images.silpo.ua/v2/products/744x744/webp/f950a411-2c4e-45a9-b32f-49e89fc527c2.png
food-0313,"Джоні Тічер Кокос Сироп с/б 0, 9 кг",food-0313.jpg,https://content1.rozetka.com.ua/goods/images/big/290535849.jpg
food-0314,"Джоні Тічер Кориця Сироп с/б 0, 9 кг",food-0314.jpg,https://simaris.shop/images/detailed/16/d01b978d5534f81c4dbbc719baff9a7d.webp
food-0315,"Джоні Тічер Крем брюле Сироп с/б 0, 9 кг",food-0315.jpg,https://images.prom.ua/4091546885_w640_h640_sirop-krem-bryule.jpg
food-0316,"Джоні Тічер Лаванда Сироп с/б 0, 9 кг",food-0316.jpg,https://kram.lviv.ua/upload/catalog/4600/4502/880191ab-fdb0-11ef-a4fb-0050568a57b2_4b40ec47-0ab8-11f1-a511-0050568a57b2.jpg
food-0317,"Джоні Тічер Лайм Сироп с/б 0, 9 кг",food-0317.jpg,https://content.rozetka.com.ua/goods/images/big/290535869.jpg
food-0318,"Джоні Тічер Лимонна м'ята Сироп с/б 0, 9 кг",food-0318.jpg,https://content2.rozetka.com.ua/goods/images/big/632041401.jpg
food-0319,"Джоні Тічер Лимон Сироп с/б 0, 9 кг",food-0319.jpg,https://milkdiller.ua/image/catalog/1c/catalogimages/rblemon.png
food-0320,"Джоні Тічер Лісова ягода Сироп с/б 0, 9 кг",food-0320.jpg,https://images.prom.ua/6953528698_w640_h640_lisova-yagoda-sirop.jpg
food-0321,"Джоні Тічер Лісовий горіх Сироп с/б 0, 9 кг",food-0321.jpg,https://images.prom.ua/4083671244_w640_h640_sirop-lisovij-gorih.jpg
food-0322,"Джоні Тічер Лохина Сироп с/б 0, 9 кг",food-0322.jpg,https://images.prom.ua/5358757888_w640_h640_sirop-nelli-golubika.jpg
food-0323,"Джоні Тічер М'ята Сироп с/б 0, 9 кг",food-0323.jpg,https://milkdiller.ua/image/catalog/1c/catalogimages/rbmint.png
food-0324,"Джоні Тічер Малина Сироп с/б 0, 9 кг",food-0324.jpg,https://milkdiller.ua/image/catalog/1c/catalogimages/rbmalyna.png
food-0325,"Джоні Тічер Манго Сироп с/б 0, 9 кг",food-0325.jpg,https://milkdiller.ua/image/catalog/1c/catalogimages/syropmangozoloto.png
food-0326,"Джоні Тічер Мандарин Сироп с/б 0, 9 кг",food-0326.jpg,https://magistr-coffee.com.ua/wp-content/uploads/2019/10/mandarin-1-e1683705092806.jpg
food-0327,"Джоні Тічер Маракуя Сироп с/б 0, 9 кг",food-0327.jpg,https://karamelia.com.ua/25261-large_default/sirop-delicia-mango-marakuya-09-kg.jpg
food-0328,"Джоні Тічер Мигдаль Сироп с/б 0, 9 кг",food-0328.jpg,https://milkdiller.ua/image/catalog/1c/catalogimages/rbalond.png
food-0329,"Джоні Тічер Мохіто Сироп с/б 0, 9 кг",food-0329.jpg,https://milkdiller.ua/image/catalog/1c/catalogimages/rbmohito.png
food-0330,"Джоні Тічер Орео Сироп с/б 0, 9 кг",food-0330.jpg,https://images.prom.ua/3547635247_w640_h640_sirop-oreo-loft.jpg
food-0331,"Джоні Тічер Персик Сироп с/б 0, 9 кг",food-0331.jpg,https://ugolini.com.ua/wp-content/uploads/2021/06/ugolini-slush-peach.jpg
food-0332,"Джоні Тічер Полуниця Сироп с/б 0, 9 кг",food-0332.jpg,https://images.prom.ua/4090704345_w640_h640_sirop-polunitsya-tm.jpg
food-0333,"Джоні Тічер Солона карамель Сироп с/б 0, 9 кг",food-0333.jpg,https://images.prom.ua/4090692112_w640_h640_sirop-tm-baristoff.jpg
food-0334,"Джоні Тічер Суниця Сироп с/б 0, 9 кг",food-0334.jpg,https://bogatty.com.ua/wp-content/uploads/2026/03/sunyczya-syrop-07-rb.jpg
food-0335,"Джоні Тічер Фісташка Сироп с/б 0, 9 кг",food-0335.jpg,https://magistr-coffee.com.ua/wp-content/uploads/2020/05/fistashka-scaled-e1683708422757.jpg
food-0336,"Джоні Тічер Чорна смородина Сироп с/б 0, 9 кг",food-0336.jpg,https://milkdiller.ua/image/catalog/1c/catalogimages/syropchornasmorodynarb.png
food-0337,"Джоні Тічер Чорниця Сироп с/б 0, 9 кг",food-0337.jpg,https://pearltea.ua/content/images/50/600x600l80mc0/productsirop-dlya-koktejliv-chornicya-pearltea-2-5-kg-49748091819872.jpg
food-0338,"Джоні Тічер Шоколад Сироп с/б 0, 9 кг",food-0338.jpg,https://milkdiller.ua/image/catalog/1c/catalogimages/rbchoload.png
food-0339,Філлер Концентрат Лимон с/б 0.720 г,food-0339.jpg,https://images.prom.ua/5917636747_w640_h640_kontsentrat-filler-limon.jpg
food-0340,"Філлер Сироп Алоє с/б 0, 7 л",food-0340.jpg,https://images.prom.ua/2844195052_w640_h640_sirop-klubnika-tm.jpg
food-0341,Філлер Сироп Абрикос с/б 0.7 л,food-0341.jpg,https://milkdiller.ua/image/catalog/1c/catalogimages/redblackabrykos.png
food-0342,Філлер Сироп Амаретто с/б 0.7 л,food-0342.jpg,https://lubystok.shop/uploads/images/products/original/image_c7ffc6af-ef09-11ed-bb49-000c290a2860.jpg
food-0343,"Філлер Сироп Ананас с/б 0, 7 л",food-0343.jpg,https://images.prom.ua/4212695087_w640_h640_sirop-filler-ananas.jpg
food-0344,Філлер Сироп Апельсин с/б 0.7 л,food-0344.jpg,https://papacoffee.com.ua/image/cache/catalog/Photo-tovarov/SYROPS/filler/filler-apelsin-1000x1000.jpg
food-0345,Філлер Сироп Апероль с/б 0.7 л,food-0345.jpg,https://images.prom.ua/6253767361_w640_h640_6253767361.jpg
food-0346,"Філлер Сироп Бабал Гам с/б 0, 7 л",food-0346.jpg,https://milkdiller.ua/image/catalog/1c/catalogimages/rbbubblle.png
food-0347,"Філлер Сироп Банан с/б 0, 7 л",food-0347.jpg,https://surpresso.com.ua/image/cache/catalog/kofe/ppr/banan-680x510.jpg
food-0348,"Філлер Сироп Баунті с/б 0, 7 л",food-0348.jpg,https://content2.rozetka.com.ua/goods/images/big/595502320.jpg
food-0349,"Філлер Сироп Білий шоколад с/б 0, 7 л",food-0349.jpg,https://svitpekaria.com.ua/content/images/10/800x800l80mc0/syrop-delicia-bilyi-shokolad-13-kh-34227201743723.png
food-0350,"Філлер Сироп Блю Кюрасао с/б 0, 7 л",food-0350.jpg,https://papacoffee.com.ua/image/cache/catalog/Photo-tovarov/SYROPS/filler/sirop-filler-blue-curacao-700ml-1000x1000.jpg
food-0351,"Філлер Сироп Ваніль с/б 0, 7 л",food-0351.jpg,https://bar-service.club/content/images/36/500x960l80mc0/syrop-filler-zi-smakom-vanili-700ml-14579544692868.jpg
food-0352,"Філлер Сироп Гренадин с/б 0, 7 л",food-0352.jpg,https://images.prom.ua/6366087094_w640_h640_sirop-so-vkusom.jpg
food-0353,"Філлер Сироп Груша с/б 0, 7 л",food-0353.jpg,https://images.prom.ua/4196408378_w700_h500_sirop-grusha-tm.jpg
food-0354,"Філлер Сироп Диня с/б 0, 7 л",food-0354.jpg,https://images.prom.ua/4212833342_w640_h640_sirop-filler-dynya.jpg
food-0355,"Філлер Сироп Жасмин с/б 0, 7 л",food-0355.jpg,https://kram.lviv.ua/upload/catalog/4500/4492/78aea246-6e92-11ef-8b11-005056ace6e3_44ebac77-0ab8-11f1-a511-0050568a57b2.jpg
food-0356,"Філлер Сироп Зелене Яблуко с/б 0, 7 л",food-0356.jpg,https://arianta.com.ua/wp-content/uploads/2025/06/apple.webp
food-0357,"Філлер Сироп Зелений Банан с/б 0, 7 л",food-0357.jpg,https://vizok.market/content/images/3/304x432l80mc0/51600883273421.jpg
food-0358,"Філлер Сироп Імбир с/б 0, 7 л",food-0358.jpg,https://www.add.ua/media/catalog/product/cache/74c1057f7991b4edb2bc7bdaa94de933/i/m/img_0_22__3.jpg
food-0359,"Філлер Сироп Імбирне Печиво/б 0, 7 л",food-0359.jpg,https://schedryk.com.ua/uploads/products/items/4f1c00fbe290a3eca06863b7b74764c0.webp
food-0360,"Філлер Сироп Ірландський Лікер с/б 0, 7 л",food-0360.jpg,https://images.prom.ua/2424867020_w200_h200_sirop-irlandskij-liker.jpg
food-0361,"Філлер Сироп Кавун с/б 0, 7 л",food-0361.jpg,https://papacoffee.com.ua/image/cache/catalog/Photo-tovarov/SYROPS/filler/filler-watermelon-1000x1000.jpg
food-0362,"Філлер Сироп Карамель с/б 0, 7 л",food-0362.jpg,https://images.prom.ua/2844217154_w640_h640_sirop-karamel-tm.jpg
food-0363,"Філлер Сироп Карибський Ром с/б 0, 7 л",food-0363.jpg,https://milkdiller.ua/image/catalog/1c/catalogimages/rbcaribirom.png
food-0364,"Філлер Сироп Квіти Бузини с/б 0, 7 л",food-0364.jpg,https://images.prom.ua/3806851168_w640_h640_sirop-dlya-koktejlej.jpg
food-0365,"Філлер Сироп Ківі с/б 0, 7 л",food-0365.jpg,https://milkdiller.ua/image/catalog/1c/catalogimages/rbkivi.png
food-0366,"Філлер Сироп Кленовий Сироп с/б 0, 7 л",food-0366.jpg,https://images.prom.ua/5583690935_w700_h500_sirop-klenovyj-tm.jpg
food-0367,"Філлер Сироп Лаванда с/б 0, 7 л",food-0367.jpg,https://images.prom.ua/5453038179_w640_h320_5453038179.jpg
food-0368,Філлер Сироп Лайм 0.95 л,food-0368.jpg,https://milkdiller.ua/image/catalog/1c/catalogimages/rblime.png
food-0369,"Філлер Сироп Лайм с/б 0, 7 л",food-0369.jpg,https://content.rozetka.com.ua/goods/images/big/290535869.jpg
food-0370,"Філлер Сироп Лимон с/б 0, 7 л",food-0370.jpg,https://petrovka-horeca.com.ua/images/detailed/25/limonnyy-koncentrat-filler-1.png
food-0371,"Філлер Сироп Лісовий Горіх с/б 0, 7 л",food-0371.jpg,https://img2.zakaz.ua/ab1c9ad3c13d4c60a2d2be41e4f7e31e/1770370331-s350x350.jpg
food-0372,"Філлер Сироп М'ята с/б 0, 7 л",food-0372.jpg,https://vizok.market/content/images/46/304x432l80mc0/59900014356601.jpg
food-0373,"Філлер Сироп Манго с/б 0, 7 л",food-0373.jpg,https://content1.rozetka.com.ua/goods/images/big/594012830.jpg
food-0374,"Філлер Сироп Мандарин с/б 0, 7 л",food-0374.jpg,https://filizhanka.com/images/products/products_photos/5317/mandar-big.png
food-0375,"Філлер Сироп Маракуйя с/б 0, 7 л",food-0375.jpg,https://chef-konditer.com.ua/files/products/w_5980.1000x1000.jpg
food-0376,"Філлер Сироп Мигдаль с/б 0, 7 л",food-0376.jpg,https://cdn.27.ua/sc--media--prod/default/11/69/bd/1169bd96-cd11-47e0-a1da-588da62245f0.png
food-0377,Філлер Сироп Мохіто с/б 0.7 л,food-0377.jpg,https://images.prom.ua/5879750012_w640_h640_sirop-filler-mohito.jpg
food-0378,"Філлер Сироп Огірок с/б 0, 7 л",food-0378.jpg,https://milkdiller.ua/image/catalog/1c/catalogimages/syropogirok.png
food-0379,"Філлер Сироп Піно Колада с/б 0, 7 л",food-0379.jpg,https://milkdiller.ua/image/catalog/1c/catalogimages/271.png
food-0380,"Філлер Сироп Полуниця с/б 0, 7 л",food-0380.jpg,https://images.prom.ua/2844195052_w640_h640_sirop-klubnika-tm.jpg
food-0381,"Філлер Сироп Попкорн с/б 0, 7 л",food-0381.jpg,https://teakava.ua/files/products/c2c95048-dd0c-11ed-91d6-fd14045b17ec.330x300.jpeg
food-0382,"Філлер Сироп Сакура с/б 0, 7 л",food-0382.jpg,https://content2.rozetka.com.ua/goods/images/big/552737718.jpg
food-0383,"Філлер Сироп Синабон с/б 0, 7 л",food-0383.jpg,https://bar-service.club/content/images/30/428x523l80mc0/syrop-filler-zi-smakom-synabon-37103174486888.png
food-0384,"Філлер Сироп Солона Карамель с/б 0, 7 л",food-0384.jpg,https://surpresso.com.ua/image/cache/catalog/kofe/ppr/solenajakaramel-680x510.jpg
food-0385,"Філлер Сироп Тархун с/б 0, 7 л",food-0385.jpg,https://images.prom.ua/6473133869_w640_h640_sirop-so-vkusom.jpg
food-0386,"Філлер Сироп Тірамісу с/б 0, 7 л",food-0386.jpg,https://images.prom.ua/6841666560_w640_h640_sirop-filler-tiramisu.jpg
food-0387,"Філлер Сироп Троянда с/б 0, 7 л",food-0387.jpg,https://kram.lviv.ua/upload/catalog/4500/4499/7c5ab340-c399-11f0-a511-0050568a57b2_6a3f81e0-0ab8-11f1-a511-0050568a57b2.jpg
food-0388,Філлер Сироп Фісташка с/б 0.7 л,food-0388.jpg,https://vizok.market/content/images/44/304x432l80mc0/48259651604929.jpg
food-0389,"Філлер Сироп Чорна Смородина с/б 0, 7 л",food-0389.jpg,https://www.galafrut.com.ua/wp-content/uploads/2024/12/IMG_4073-scaled.jpg
food-0390,"Філлер Сироп Шоколад с/б 0, 7 л",food-0390.jpg,https://img2.zakaz.ua/0d894c6e15264e25ac211afa5b7c6b10/1770370375-s350x350.jpg
food-0391,"Філлер Сироп Шоколадне Печиво с/б 0, 7 л",food-0391.jpg,https://images.prom.ua/4139039302_w640_h640_sirop-filler-shokoladnoe.jpg
food-0392,GIFFARD ПЮРЕ Фрук.Мікс Малина 1 л,food-0392.jpg,https://whiskystore.bg/cdn/img/products/8137/plodovo-pure-giffard-s-malina-1l-62a6f1e73cb9c.jpeg
food-0393,GIFFARD ПЮРЕ Фрук.Мікс Маракуйя 1 л,food-0393.jpg,https://bartrigger.com.ua/content/images/2/600x600l80mc0/46614247277650.jpg
food-0394,Філлер Фруктова База Грейпфрут 1 л Пет,food-0394.jpg,https://arianta.com.ua/wp-content/uploads/2025/12/citrus.webp
food-0395,Філлер Фруктова База Ківі 1 л Пет,food-0395.jpg,https://arianta.com.ua/wp-content/uploads/2024/05/fruktovoe-pyure-mango.webp
food-0396,Філлер Фруктова База Лісові Ягоди 1 л Пет,food-0396.jpg,https://images.prom.ua/5723798354_w640_h640_fruktovoe-pyure-.jpg
food-0397,Філлер Фруктова База Полуниця 1 л Пет,food-0397.jpg,https://arianta.com.ua/wp-content/uploads/2024/05/fruktovoe-pyure-polunitsya.webp
food-0398,"Джоні Тічер Топінг Банан с/б 0, 6 кг Пет",food-0398.jpg,https://teakava.ua/files/products/9a5b05fd-3fde-11ed-81ff-d96fbf0cc845.800x600.jpeg
food-0399,"Джоні Тічер Топінг Вишня с/б 0, 6 кг Пет",food-0399.jpg,https://mastericecream.com/wp-content/uploads/2022/06/topping-amarena.jpg
food-0400,"Джоні Тічер Топінг Карамель с/б 0, 6 кг Пет",food-0400.jpg,https://image.maudau.com.ua/webp/size/xl/products/99/3d/52/993d5227cc40b6382fa2d409ecbdeed0.jpg
food-0401,"Джоні Тічер Топінг Лісові ягоди с/б 0, 6 кг Пет",food-0401.jpg,https://images.prom.ua/5926895584_w640_h640_sirop-toping-lisovi.jpg
food-0402,"Джоні Тічер Топінг Малина с/б 0, 6 кг Пет",food-0402.jpg,https://images.silpo.ua/v2/products/744x744/webp/b69924f3-9dae-4eec-91da-9618f8517b54.png
food-0403,"Джоні Тічер Топінг Полуниця с/б 0, 6 кг Пет",food-0403.jpg,https://images.prom.ua/6237962589_w640_h640_sirop-loft-klubnika.jpg
food-0404,"Джоні Тічер Топінг Солона карамель с/б 0, 6 кг Пет",food-0404.jpg,https://content1.rozetka.com.ua/goods/images/big/662914269.jpg
food-0405,"Джоні Тічер Топінг Чорна Смородина с/б 0, 6 кг Пет",food-0405.jpg,https://vizok.market/content/images/48/1350x1800l80mc0/51331258376218.jpg
food-0406,"Джоні Тічер Топінг Шоколад с/б 0, 6 кг Пет",food-0406.jpg,https://coffee-lux.com.ua/image/cache/catalog/easyphoto/736/topping-loft-chocolate-jpg-1-700x700.jpg
food-0407,Філлер Топінг Карамель 0.6 л Пет,food-0407.jpg,https://images.prom.ua/4411826101_w640_h640_topping-filler-karamel.jpg
food-0408,Філлер Топінг Шоколад 0.6 л Пет,food-0408.jpg,https://content2.rozetka.com.ua/goods/images/big/664202814.jpg
food-0409,Філлер Чай Імбир Апельсин Лимон Саше 50 г × 12,food-0409.jpg,https://cdn.27.ua/799/d5/19/9098521_1.jpeg
food-0410,Філлер Чай Лісова Ягода Саше 50 г × 12,food-0410.jpg,https://content2.rozetka.com.ua/goods/images/big/356423045.jpg
food-0411,БІ Ліптон Чай Чорний Yellow Label 100 г PL,food-0411.jpg,https://images.prom.ua/4450904583_w640_h640_chaj-chernyj-lipton.jpg
food-0412,"БІ Ліптон Чай Зелений Mand Orange 1, 8 г × 20 пір PL ×",food-0412.jpg,https://content1.rozetka.com.ua/goods/images/big/614218106.jpg
food-0413,"БІ Ліптон Чай Чорний Earl Grey 1, 5 г × 25 пак New PL",food-0413.jpg,https://linella.md/public/products/5b048bc6954da83885dda18571a444a3.webp
food-0414,"БІ Ліптон Чай Чорний Earl Grey 1, 8 г × 20 пір PL ×",food-0414.jpg,https://linella.md/public/products/5b048bc6954da83885dda18571a444a3.webp
food-0415,"БІ Ліптон Чай Чорний Forest Fruit 1, 7 г × 20 пір PL ×",food-0415.jpg,https://images.prom.ua/1010993109_w640_h640_chaj-lipton-forest.jpg
food-0416,"БІ Ліптон Чай Чорний Lemon 1, 8 г × 20 пір PL ×",food-0416.jpg,https://content.rozetka.com.ua/goods/images/big/564071238.jpg
food-0417,БІ Ліптон Чай Чорний Peach Мango 1.8 × 20 пір PL ×,food-0417.jpg,https://images.silpo.ua/v2/products/744x744/webp/00e42c17-8f47-4066-9282-c5d4645d6a4b.png
food-0418,БІ Ліптон Чай Чорний Vanila Caramel 1.8 × 20 пір PL ×,food-0418.jpg,https://www.webstaurantstore.com/images/products/extra_large/843584/2919398.jpg
food-0419,БІ Ліптон Чай Чорний Yellow Label 2 г × 100 пак PL,food-0419.jpg,https://images.prom.ua/4450904583_w640_h640_chaj-chernyj-lipton.jpg
food-0420,БІ Ліптон Чай Чорний Yellow Label 2 г × 25 пак PL,food-0420.jpg,https://rostfoods.com.ua/image/cache/catalog/lipton/lipton-25-500x500.jpg
food-0421,БІ Ліптон Чай Чорний Yellow Label 2 г × 50 пак PL ×,food-0421.jpg,https://images.prom.ua/4450878343_w640_h640_chaj-chernyj-lipton.jpg
food-0422,Хілвей Чай Зел Орієнтал Грін Лист 100 г,food-0422.jpg,https://varus.ua/img/product/1140/1140/2637776
food-0423,Хілвей Чай Чорн Екскл Голден Цейлон Лист 100 г,food-0423.jpg,https://adm.chaspik.ua/storage/9cf25653-ff7a-4f9e-a44e-3d645cdeb7af/conversions/106338-big.webp
food-0424,Хілвей Чай Голд Цейлон Чорн Пакет Ексклюз 2 г × 100(ОРР),food-0424.jpg,https://adm.chaspik.ua/storage/9cf25653-ff7a-4f9e-a44e-3d645cdeb7af/conversions/106338-og_image.jpg
food-0425,Хілвей Чай Зел Оріентал Грін Пакет 25 × 2 г,food-0425.jpg,https://cdn.27.ua/799/3f/b4/2506676_3.jpeg
food-0426,"Хілвей Чайний Напій Манго Ексклюзив Саше 25 × 1, 5 г",food-0426.jpg,https://src.zakaz.atbmarket.com/cache/photos/25491/catalog_product_gal_mob_25491.jpg
food-0427,Хілвей Чай Цейлон Чорн Пакет Ексклюз 25 × 2 г,food-0427.jpg,https://cdn.27.ua/799/3f/d0/2506704_3.jpeg
food-0428,Хілвей Чай Цейлон Чорн Пакет Ексклюз 2 г × 100,food-0428.jpg,https://content1.rozetka.com.ua/goods/images/big/49808413.jpg
food-0429,Хілвей Чай Чорн Бергамот Апельсин Пак Ексклюз 25 × 2 г,food-0429.jpg,https://cdn.27.ua/original/3f/ce/2506702_6.jpeg
food-0430,"Хілвей Чай Чорн Імбир Ексклюзив Саше 25 × 1, 5 г",food-0430.jpg,https://content2.rozetka.com.ua/goods/images/big/49808307.jpg
food-0431,"Хілвей Чай Чорн Лимон Саше Ексклюзив 25 × 1, 5 г",food-0431.jpg,https://vizok.market/content/images/27/1500x1500l80mc0/19925095332840.jpg
food-0432,"Хілвей Чай Чорн Троп Фрукти Саше Ексклюзив 25 × 1, 5 г",food-0432.jpg,https://images.silpo.ua/v2/products/744x744/webp/3ddea6a0-d3cb-48e3-97bd-2c06cbf7a784.png
food-0433,"Хілвей Чай Чорн Чебрець Саше Ексклюзив 25 × 1, 5 г",food-0433.jpg,https://images.silpo.ua/v2/products/500x500/origin/09fc8858-2a63-49ea-b882-ea2e51bf9172.png
food-0434,"Хілвей Чай Чорн Ягоди Саше Ексклюзив 25 × 1, 5 г",food-0434.jpg,https://images.silpo.ua/v2/products/744x744/webp/6915a6ec-b332-42fe-a860-e878fb689982.jpg
food-0435,ТП M&M's з арах.та мол.шок.45 г,food-0435.jpg,https://content.rozetka.com.ua/goods/images/big/445250495.jpg
food-0436,ТП КІТКАТ батончик білий 40 г,food-0436.jpg,https://varus.ua/img/product/1140/1140/2630069
food-0437,ТП КІТКАТ батончик молочний 40 г,food-0437.jpg,https://image.maudau.com.ua/webp/size/xl/products/d1/bc/e1/d1bce1425b8002e0b23c4e1cec4988db.jpg
food-0438,ТП КІТКАТ батончик КІНГ САЙЗ 64 г,food-0438.jpg,https://images.prom.ua/6862848120_w640_h640_batonchik-kitkat-king.jpg
food-0439,ТП КІТКАТ батончик ФІНГЕРС 40 г,food-0439.jpg,https://flaming.ar/wp-content/uploads/2021/09/663-jpg.webp
food-0440,ТП КІТКАТ батончик Чанкі Фанкі 40 г,food-0440.jpg,https://varus.ua/img/product/670/670/2656975
food-0441,ТП ЛАЙН Арахіс 90 г,food-0441.jpg,https://image.maudau.com.ua/size/origin/products/da/7e/e6/da7ee688-f4e5-4c39-9a4e-b6e310d0f5ed.jpg
food-0442,ТП ЛАЙН Білий 90 г,food-0442.jpg,https://image.maudau.com.ua/webp/size/xl/products/c5/63/cb/c563cbf9a7e3b40b5bb0932915a1c72a.jpg
food-0443,ТП ЛАЙН Вайт Рок 42 г,food-0443.jpg,https://vip.shuvar.com/media/catalog/product/cache/1ce8f27ed5b4669729f4a9b4d837d33f/B/a/Batonchyk-Lion-48-sht.jpg
food-0444,ТП ЛАЙН КІНГ 90 г,food-0444.jpg,https://content.rozetka.com.ua/goods/images/big/499398660.jpg
food-0445,ТП ЛАЙН Стандарт 42 г,food-0445.jpg,https://images.prom.ua/7000823295_shokoladnij-batonchik-lion.jpg
food-0446,ТП МАРС батончик нуга/карам.51 г,food-0446.jpg,https://aquamarket.ua/9125-thickbox_default/mars-51-g-shokoladnyj-batonchik-mars.jpg
food-0447,ТП НАТС батончик Кавун 42 г,food-0447.jpg,https://candyshop.com.ua/wp-content/uploads/2024/05/nats-kavun.jpg
food-0448,ТП НАТС батончик шоколад 42 г,food-0448.jpg,https://images.prom.ua/4443200625_w640_h640_shokoladnyj-batonchik-nats.jpg
food-0449,ТП Орбіт Ж/Г Баблмінт 14 г × 30,food-0449.jpg,https://www.add.ua/media/catalog/product/cache/207e23213cf636ccdef205098cf3c8a3/3/0/3024.png
food-0450,ТП Орбіт Ж/Г Білосніжний 14 г × 30,food-0450.jpg,https://content.rozetka.com.ua/goods/images/big/459359960.jpg
food-0451,ТП Орбіт Ж/Г Білосн Освіж М'ята 14 г × 30,food-0451.jpg,https://content2.rozetka.com.ua/goods/images/big/459359961.jpg
food-0452,ТП Орбіт Ж/Г Весела Лохина 14 г × 30,food-0452.jpg,https://images.prom.ua/4324690924_w640_h640_zhuvalna-gumka-orbit.jpg
food-0453,ТП Орбіт Ж/Г Зимова Свіжість 14 г × 30,food-0453.jpg,https://himopt-1caea.kxcdn.com/image/cache/catalog/products/1111111/rezinka-zhevatelnaya-orbit-winterfresh-drazhe-700x700.jpg
food-0454,ТП Орбіт Ж/Г Кавун 14 г × 30,food-0454.jpg,https://aquamarket.ua/27367-thickbox_default/zhuvalna-gumka-orbit-sokovitij-kavun-upakovka-30-sht-po-14-g-karton.jpg
food-0455,ТП Орбіт Ж/Г Лісова Суниця 4 г × 30,food-0455.jpg,https://images.prom.ua/1567573963_w700_h500_zhevatelnaya-rezinka-orbit.jpg
food-0456,ТП Орбіт Ж/Г Малина Гранат 14 г × 30,food-0456.jpg,https://content.rozetka.com.ua/goods/images/big/459364590.jpg
food-0457,ТП Орбіт Ж/Г Солодка М'ята 14 г × 30,food-0457.jpg,https://content.rozetka.com.ua/goods/images/big/662520542.jpg
food-0458,ТП СВІТОЧ Артек вафлі 71 г,food-0458.jpg,https://images.avrora.ua/images/detailed/102/108006_001.jpg
food-0459,ТП СВІТОЧ Артек Горіх вафлі 71 г,food-0459.jpg,https://images.silpo.ua/v2/products/744x744/webp/862452ae-d55d-4c05-b997-f45d27e7992d.png
food-0460,ТП СВІТОЧ Артек Пломбір вафлі 71 г,food-0460.jpg,https://images.avrora.ua/images/detailed/102/107271_001.jpg
food-0461,ТП СВІТОЧ Артек Шоколд вафлі 71 г,food-0461.jpg,https://images.avrora.ua/images/detailed/102/108006_001.jpg
food-0462,"ТП СНІКЕРС CREAMY 36, 5 г",food-0462.jpg,https://image.maudau.com.ua/webp/size/xl/products/6e/58/a5/6e58a5bd3def1b71f40868e737e6edb3.jpg
food-0463,"ТП СНІКЕРС CREAMY 54, 75 г",food-0463.jpg,https://apteka911.ua/content/shop/products/297334/photos/770733-297334-big-1500-1500-2a81.jpg
food-0464,"ТП СНІКЕРС батончик шок.супер+1/112, 5 г",food-0464.jpg,https://images.prom.ua/6418709128_w640_h640_snikers-shokoladnij-batonchik.jpg
food-0465,ТП СНІКЕРС батончик шоколад 50 г,food-0465.jpg,https://liki.ua/content/shop/products/213946/shokoladnyiy-batonchik-snickers-snikers-50-g-mars-big-800-800-6f87.jpg
food-0466,ТП ТВІКС батончик мол.шок.50 г,food-0466.jpg,https://src.zakaz.atbmarket.com/cache/photos/67689/catalog_product_gal_mob_67689.jpg
food-0467,ТП ТВІКС батончик мол.шок.75 г,food-0467.jpg,https://candyshop.com.ua/wp-content/uploads/2025/03/batonchyk-tviks-bilyj-75hr.jpg
food-0468,Ferrero Rocher T 16 x 5,food-0468.jpg,https://images.prom.ua/6280358968_w640_h640_tsukerki-ferrero-rocher.jpg
food-0469,Ferrero Rocher T 8 x 8 Астуччіо 100 г,food-0469.jpg,https://www.svitassorti.com.ua/files/resized/products/ferrero-rocher-praliny-czekoladowe-100g.1800x1800w.jpg
food-0470,Kinder Bueno T 2 x 30 Батончик Мол Горіх 43 г,food-0470.jpg,https://cdn.27.ua/sc--media--prod/default/97/32/d8/9732d861-0b59-4707-9389-33a292d0d00e.jpg
food-0471,Kinder Chocolate T 4 x 20 x 8 Молоч Шокол 50 г,food-0471.jpg,https://apteka911.ua/content/shop/products/109711/photos/433548-109711-big-1500x1500-b1aa.jpg
food-0472,Kinder Chocolate T 8 x 10 x 4 Молоч Шокол 100 г,food-0472.jpg,https://varus.ua/img/product/1140/1140/125312
food-0473,"Kinder Chocolate T 1 x 40 Зі Злаками 23, 5 г",food-0473.jpg,https://varus.ua/img/product/1140/1140/270959
food-0474,Kinder Surprice Яйце 20 г,food-0474.jpg,https://src.zakaz.atbmarket.com/cache/photos/93899/catalog_product_gal_big_93899.jpg
food-0475,Nutella Горіхова Паста Т 350 х 9,food-0475.jpg,https://images.avrora.ua/images/detailed/97/106198_003.jpg
food-0476,Nutella Горіхова Паста 200 г,food-0476.jpg,https://evrofood.com/content/images/15/497x630l80mc0/96512538011595.jpg
food-0477,Nutella Горіхова Паста 600 г,food-0477.jpg,https://content1.rozetka.com.ua/goods/images/big/524538998.jpg
food-0478,Нутелла Т 1 х 10 x 2 NUT B-RE 22 г.,food-0478.jpg,http://ragon.com.mx/cdn/shop/files/HK185_073026af-42ff-467a-a3de-e5067f4e093a.jpg
food-0479,Raffaello T 15 x 6 x 1 ЗМ игдал Горіх 150 г,food-0479.jpg,https://content.rozetka.com.ua/goods/images/big/606298497.jpg
food-0480,Тік Так Апельсин Т 37 х 12 х 24,food-0480.jpg,https://www.smakolyk.co.uk/wp-content/uploads/2023/03/2222-1.png
food-0481,Тік Так М'ята Т 37 х 12 х 24,food-0481.jpg,https://candyshop.com.ua/wp-content/uploads/2026/01/tic-tac-miata-600x600.jpg
food-0482,Тік Так Фруктовий мікс T 37 х 12 х 24,food-0482.jpg,https://content.rozetka.com.ua/goods/images/original/328765563.jpg
food-0483,Скітлс Кисломікс 14 × 38 г,food-0483.jpg,https://cdn.kasta.ua/image/345/s3/supplier_provided_link/feed/fe1/b2e/ba7/442/ba2/31c/ef3/2b5/6e5.jpeg
food-0484,Скітлс Фрукти 14 × 38 г 5381,food-0484.jpg,https://content2.rozetka.com.ua/goods/images/big/408591812.jpg
food-0485,M&M's Choco (шоколад) 20 × 90 г,food-0485.jpg,https://cdn.ermitazas.lt/product/0/9/5/d/095d0c375c84684479208923b1ce431027cf3e24/b3d8ed6f4c02282f4d9152cc4d04f403ba757c31.jpg
food-0486,M&M's Peanut (арахіс) 20 × 90 г,food-0486.jpg,http://pepperyspot.com/cdn/shop/files/mms-peanut-90.jpg
food-0487,M&M's з арахiсом та мол. шок.36 × 45 г,food-0487.jpg,https://content.rozetka.com.ua/goods/images/big/445250495.jpg
food-0488,M&M's з мол. шок. 24 × 45 г CW 70 K,food-0488.jpg,https://images.prom.ua/2787848899_w640_h640_2787848899.jpg
food-0489,Mars Minis 8 кг,food-0489.jpg,https://images.prom.ua/6417219230_w640_h640_tsukerki-mars-minis.jpg
food-0490,MARS Minis 8 кг,food-0490.jpg,https://images.prom.ua/6276152569_w640_h640_batonchiki-mini-mars.jpg
food-0491,"MILKY WAY Minis 6, 74 кг",food-0491.jpg,https://images.prom.ua/6338124166_w640_h640_tsukerki-milky-way.jpg
food-0492,"MILKY WAY цукерки 6, 74 кг",food-0492.jpg,https://images.prom.ua/6338124166_w640_h640_tsukerki-milky-way.jpg
food-0493,SNICKERS Minis 8 кг,food-0493.jpg,https://images.prom.ua/6276152565_w700_h500_batonchiki-mini-snickers.jpg
food-0494,SNICKERS Minis 8 кг,food-0494.jpg,https://images.prom.ua/6276152565_w700_h500_batonchiki-mini-snickers.jpg
food-0495,TWIX minis 10 кг,food-0495.jpg,https://vizok.market/content/images/25/633x730l80mc0/54630815378886.jpg
food-0496,BOUNTY (STD) 12 × 24 × 57 г,food-0496.jpg,https://content1.rozetka.com.ua/goods/images/big/484584429.jpg
food-0497,BOUNTY Trio 6 × 21 × 85 г,food-0497.jpg,https://content1.rozetka.com.ua/goods/images/original/294896576.jpg
food-0498,БІ Knoppers Батончик з арахісом 40 г,food-0498.jpg,https://images.avrora.ua/images/detailed/138/116658_001.jpg
food-0499,БІ Knoppers Вафлі з арахісом 25 г,food-0499.jpg,https://images.prom.ua/7090666940_w640_h640_vafli-s-arahisom.jpg
food-0500,БІ Мерсі Шоколад Асорті 250 г,food-0500.jpg,https://image.maudau.com.ua/webp/size/xl/products/04/bf/02/04bf02bc717d2948fa37ee0489bc04a4.jpg
food-0501,БІ Мерсі Шоколад Асорті 400 г,food-0501.jpg,https://images.prom.ua/6307828244_w640_h640_shokoladnye-konfety-storck.jpg
food-0502,Шок Авт Ек Чор 25 × 85 г№2,food-0502.jpg,https://image.maudau.com.ua/webp/size/xl/products/15/fb/85/15fb859586dddebcdf0f11f355cd759a.jpg
food-0503,Шок Авт Особ 25 × 85 г№1,food-0503.jpg,https://content.rozetka.com.ua/goods/images/big/482698385.jpg
food-0504,Шок Авт Чор Кл 25 × 85 г№2,food-0504.jpg,https://cdn.27.ua/799/1c/b0/9903280_1.jpeg
food-0505,Шок Дес См Тір 14 × 85 г,food-0505.jpg,https://content1.rozetka.com.ua/goods/images/original/296395548.jpg
food-0506,Шок Дес Трюф 14 × 90 г,food-0506.jpg,https://content2.rozetka.com.ua/goods/images/big/537165695.jpg
food-0507,Аеро Шок Мол 30 × 30 г№3,food-0507.jpg,https://images.prom.ua/6323088628_w640_h640_batonchik-aero-u.jpg
food-0508,Неск Ваф Мол Шок 49 × 26 г№1,food-0508.jpg,https://content.rozetka.com.ua/goods/images/big/10717223.jpg
food-0509,Крекс Чіпси Картопляні Гостро Пряні 160 г × 14,food-0509.jpg,https://cdn.mafrservices.com/sys-master-root/h26/h71/12451950755870/114753_Main.jpg?im=Resize=480
food-0510,Крекс Чіпси Картопляні Зі Смаком Крабу 160 г × 14,food-0510.jpg,https://cdn.27.ua/799/8c/2b/8948779_6.jpeg
food-0511,Крекс Чіпси Картопляні Зі Смаком Паприки 160 г × 14,food-0511.jpg,https://images.silpo.ua/v2/products/744x744/webp/316f5b3c-8d8b-4f38-a562-4dc0f231916e.png
food-0512,Крекс Чіпси Картопляні Зі Смаком Сиру 160 г × 14,food-0512.jpg,https://content2.rozetka.com.ua/goods/images/big/324538297.jpg
food-0513,Крекс Чіпси Картопляні Зі Смаком Смет Цибулі 160 г × 14,food-0513.jpg,https://content1.rozetka.com.ua/goods/images/big/324540802.jpg
food-0514,Крекс Чіпси Картопляні З Оригінал Смаком 160 г × 14,food-0514.jpg,https://content.rozetka.com.ua/goods/images/original/324538051.jpg
food-0515,МТ Снек курячий с/в 500 г,food-0515.jpg,https://triton-ua.com/content/images/8/1600x1600l80mc0/snek-kuriachyi-74823812832240.jpg
